text,sentiment
just 👍👍👍,positive
💚💚,positive
🎊,positive
🤣🤣🤣,positive
just ✨,positive
just 💚💚💚,positive
feeling 🔥,positive
feeling 😀😀😀,positive
feeling 😄😄,positive
🥰🥰,positive
feeling 💚,positive
just 😀😀,positive
💛,positive
feeling 🎉,positive
feeling 😁😁😁,positive
feeling ️️,positive
feeling 🤣,positive
😂😂,positive
feeling 👏👏👏,positive
feeling 🥰🥰🥰,positive
feeling 😊😊,positive
just 😀😀,positive
🎉🎉,positive
feeling 🙌,positive
❤❤,positive
💙,positive
🥰🥰,positive
😂,positive
just 💯💯💯,positive
feeling 💚💚💚,positive
😎😎😎,positive
just 😍😍,positive
💛💛,positive
feeling 😎😎😎,positive
feeling 💙💙,positive
feeling ✨,positive
just 🥰,positive
🎉,positive
feeling 💚💚💚,positive
🙂🙂,positive
just 🤣🤣,positive
👍,positive
feeling 😎,positive
feeling ❤❤❤,positive
feeling 💜💜💜,positive
feeling 😍😍,positive
feeling 💙,positive
😆😆😆,positive
just 😃😃😃,positive
just ️,positive
just 🤩,positive
just 🧡🧡🧡,positive
😄😄,positive
just 😁,positive
😇😇,positive
just 🎉,positive
feeling 🥰🥰🥰,positive
🤣🤣🤣,positive
feeling 👏,positive
feeling 😇😇,positive
just 🧡🧡,positive
just 😂😂,positive
🙂,positive
just 😀😀😀,positive
😎😎,positive
feeling 😍😍😍,positive
feeling 🤩🤩🤩,positive
just 😍😍😍,positive
feeling 😆😆,positive
😁,positive
just 🙂🙂,positive
just 🤩🤩🤩,positive
feeling 🙂,positive
just 😁,positive
🎊,positive
feeling 🤩,positive
💚💚💚,positive
just 😃😃,positive
feeling ️️,positive
😇😇😇,positive
feeling 💜💜,positive
just 💯💯,positive
just 🥰🥰🥰,positive
just 😇,positive
feeling 😍,positive
just 🙌🙌,positive
feeling 😊😊😊,positive
feeling 🧡,positive
😍😍😍,positive
just 🤩,positive
👏👏,positive
just 🔥🔥🔥,positive
just 😀😀,positive
feeling 🎉🎉🎉,positive
😄,positive
just 🤣,positive
just 💯💯💯,positive
feeling 🤣🤣,positive
feeling 😆😆,positive
just 😀,positive
just 😄😄😄,positive
😄,positive
just 🥳,positive
feeling 😎,positive
feeling 🎊🎊🎊,positive
🙌🙌,positive
just 🎉,positive
just 💪💪,positive
just 👍👍👍,positive
just 💯,positive
just 💯,positive
just 😇😇😇,positive
just 👍,positive
just 😇😇😇,positive
just 😍😍😍,positive
😇,positive
just 💚💚,positive
💪💪💪,positive
feeling 😍,positive
🎊🎊🎊,positive
just 😇😇😇,positive
just 👍,positive
feeling 😄😄😄,positive
feeling 😊,positive
💚,positive
🥳🥳🥳,positive
feeling 😇😇,positive
feeling 🎉,positive
feeling 😎,positive
just 😊😊😊,positive
🧡🧡,positive
🎉🎉,positive
just 😃,positive
feeling 😍,positive
feeling 🤣🤣🤣,positive
🤣🤣,positive
feeling 😁,positive
just 🧡🧡,positive
just 😀,positive
just 😊,positive
feeling 💚💚💚,positive
just 💯,positive
just 😁😁,positive
just 👍👍👍,positive
feeling 💯💯,positive
feeling ️️️,positive
feeling ️️️,positive
just 💯💯,positive
🤩,positive
feeling 💜,positive
🎊🎊🎊,positive
just 🙌🙌,positive
😇😇😇,positive
🤩🤩🤩,positive
😎😎,positive
feeling 😍😍😍,positive
feeling 💙💙💙,positive
🥳🥳,positive
just 😇😇,positive
💪,positive
feeling 💚,positive
😀😀😀,positive
just 😁😁,positive
just 👍,positive
💛💛,positive
just 😃😃,positive
🤣🤣,positive
feeling 🙌🙌,positive
just 🤣🤣🤣,positive
🎊🎊🎊,positive
just 🙌🙌,positive
just 🙌,positive
feeling 💪💪💪,positive
feeling 🥳,positive
❤❤❤,positive
just 💙💙💙,positive
🙂,positive
feeling 😃,positive
just ❤❤❤,positive
🔥,positive
🎊🎊🎊,positive
💛,positive
🤣🤣,positive
just 💙💙,positive
feeling 💚💚,positive
🎊,positive
🎊,positive
feeling 😊😊😊,positive
🧡,positive
feeling 😆😆,positive
💛💛💛,positive
just 😁,positive
feeling ️,positive
feeling 😊,positive
just 👍,positive
feeling 😁,positive
just 🤣🤣,positive
😄😄,positive
just 😍😍,positive
feeling 😇😇,positive
🙂🙂,positive
feeling 👍👍,positive
feeling 🥰🥰🥰,positive
feeling 🤣,positive
🧡🧡🧡,positive
just 🎉,positive
feeling 👍👍👍,positive
feeling 🥰🥰,positive
just 🤩,positive
feeling 😁😁😁,positive
🥰🥰🥰,positive
just 💜💜💜,positive
just 😇😇😇,positive
just 😎😎😎,positive
🙌🙌🙌,positive
just 💛💛💛,positive
feeling 🤩🤩,positive
feeling 💪,positive
just 💯💯💯,positive
feeling 🙂,positive
just 🎊🎊,positive
feeling 💪💪💪,positive
just 💯,positive
feeling ❤,positive
✨✨,positive
feeling 🎊,positive
feeling 🥰,positive
😄,positive
😍😍😍,positive
just 🎉,positive
feeling 😄,positive
😊😊,positive
🥳,positive
feeling ❤❤❤,positive
🙂🙂,positive
just 🎊,positive
feeling 💛💛💛,positive
just ️,positive
️️,positive
🥳,positive
just 🎉🎉,positive
feeling 🎊🎊🎊,positive
feeling 💛,positive
💜💜,positive
just 😄,positive
feeling 😄😄😄,positive
feeling 👍👍👍,positive
just 🧡🧡🧡,positive
😃😃,positive
feeling 😁😁,positive
just 😊😊,positive
just 🥳🥳,positive
just 😇😇,positive
just 😆😆😆,positive
🤩,positive
feeling 🤣🤣,positive
🔥🔥,positive
feeling ✨✨,positive
️,positive
just 😊,positive
feeling 🎊🎊,positive
feeling 😄😄,positive
feeling 🧡,positive
😆,positive
😄😄😄,positive
feeling 🎉🎉,positive
💪💪,positive
feeling 💚,positive
❤,positive
💜💜💜,positive
feeling 🥳🥳🥳,positive
🎉🎉🎉,positive
just 💜💜,positive
😄😄😄,positive
just 💛,positive
🤣🤣,positive
just 😎😎,positive
feeling 🥳🥳🥳,positive
just 💚💚,positive
just 😎😎😎,positive
💪💪,positive
feeling 😇😇,positive
🎉🎉🎉,positive
✨✨✨,positive
just 😃😃,positive
😍,positive
🔥,positive
🧡🧡🧡,positive
feeling 😎😎😎,positive
just 🙌🙌🙌,positive
feeling 🎉🎉,positive
feeling 😍😍,positive
🙌🙌,positive
just ✨✨,positive
️️️,positive
🎊🎊,positive
feeling 🧡🧡,positive
just 🎊,positive
just 😆😆,positive
👏👏,positive
🤣🤣,positive
feeling 😍😍😍,positive
just 🙌,positive
🥰,positive
👍👍👍,positive
feeling 😆😆,positive
😁,positive
feeling 😁,positive
🥳,positive
just 😇,positive
just 😀,positive
🧡,positive
👏👏,positive
feeling 😊😊,positive
feeling ✨✨✨,positive
🤣🤣,positive
💯,positive
just 💯💯,positive
feeling ❤,positive
just ❤❤,positive
feeling 😀,positive
😍,positive
just 👏,positive
just ✨,positive
💪💪💪,positive
🔥🔥🔥,positive
just 🙂🙂🙂,positive
just 🥳,positive
feeling 😀,positive
just 😆,positive
✨✨,positive
🧡🧡🧡,positive
👍👍,positive
just 🤩🤩,positive
just 🎊,positive
💯💯💯,positive
🥰,positive
💚💚,positive
🥳,positive
feeling 😍😍😍,positive
feeling 🙂🙂🙂,positive
feeling 💜💜💜,positive
feeling 💯,positive
just 👏👏,positive
🎊🎊🎊,positive
feeling 💚💚,positive
just 🔥🔥,positive
feeling 💜💜,positive
just 🎉,positive
feeling 😍😍😍,positive
just 🧡🧡🧡,positive
feeling 💙💙💙,positive
️,positive
feeling ❤❤,positive
just 💯,positive
feeling 💚💚💚,positive
feeling 💛💛,positive
just 💪,positive
feeling 👍👍,positive
feeling 🤣🤣🤣,positive
feeling 😁😁😁,positive
just 🎉🎉,positive
just 💙💙💙,positive
just 😀😀,positive
just 💛💛,positive
feeling 😂😂,positive
just 🙌🙌🙌,positive
❤,positive
😇😇😇,positive
feeling 😀,positive
✨✨✨,positive
just 😄😄😄,positive
just 😍😍😍,positive
😆,positive
🥳🥳🥳,positive
feeling 😄,positive
feeling 💛💛💛,positive
🤩,positive
just 🎉🎉,positive
just 🙌🙌,positive
😃,positive
feeling 💛💛💛,positive
just 😊,positive
just 🙂🙂,positive
just 😎,positive
just 😀😀😀,positive
just ️️️,positive
feeling 😊😊😊,positive
feeling 😁,positive
just 💙💙,positive
feeling 🔥,positive
just 💜,positive
😇😇,positive
feeling 😇,positive
😂😂😂,positive
feeling ✨,positive
💜💜,positive
just 🥳🥳🥳,positive
feeling 😎😎,positive
🙂🙂🙂,positive
just 😆,positive
😄😄,positive
just 💙💙,positive
feeling 😆😆😆,positive
feeling 💚💚💚,positive
feeling 🧡,positive
feeling 😄,positive
😄😄😄,positive
just 💛,positive
just 🤩🤩🤩,positive
just 😄,positive
feeling ✨✨✨,positive
feeling 👍,positive
💜,positive
just 😁😁😁,positive
just 💪💪,positive
just 🧡,positive
feeling 💛💛💛,positive
🙂🙂🙂,positive
feeling 🔥🔥,positive
just ️,positive
🥳,positive
just 👍,positive
just 😆,positive
just 😂,positive
feeling 💙,positive
feeling 💪💪💪,positive
😁😁😁,positive
feeling 💙,positive
feeling 💯,positive
🥰🥰,positive
😍😍,positive
😍,positive
feeling 🙂🙂🙂,positive
feeling 👏👏👏,positive
feeling 😂😂😂,positive
just ️,positive
🧡🧡,positive
feeling 😆,positive
💪,positive
just 💯💯💯,positive
feeling 😊😊,positive
just ❤,positive
just 🎊🎊🎊,positive
just 😄,positive
just 🎊🎊,positive
just 😎😎😎,positive
😊😊😊,positive
just 😆😆,positive
just 🥳🥳🥳,positive
👍👍👍,positive
😂😂😂,positive
just 😃,positive
just 🎊🎊,positive
feeling 🤩🤩,positive
feeling 😄😄,positive
😂,positive
🔥🔥🔥,positive
feeling 😄,positive
😎😎😎,positive
just 🎉,positive
just 😁😁😁,positive
feeling 🤩🤩🤩,positive
just 😃😃,positive
😎😎😎,positive
feeling 🤣🤣,positive
just ❤,positive
feeling 💯💯💯,positive
just 🥳,positive
😄😄,positive
🥳🥳,positive
just 🤩,positive
feeling 👍👍,positive
just 😄😄😄,positive
feeling 🙂🙂🙂,positive
just 🎊🎊🎊,positive
feeling 🎉🎉🎉,positive
feeling 🥰,positive
just 🎊,positive
feeling 💚,positive
just 🧡🧡🧡,positive
✨,positive
feeling 💜💜💜,positive
feeling 😎😎,positive
feeling ❤,positive
feeling 💪💪,positive
😍,positive
💚,positive
feeling 🔥🔥,positive
just 🤩🤩🤩,positive
✨✨,positive
just 🧡🧡,positive
just 🧡🧡🧡,positive
just 😂😂😂,positive
feeling 🧡🧡🧡,positive
just 😄😄,positive
feeling 💙💙,positive
😂😂😂,positive
👏👏👏,positive
just 💛💛💛,positive
just 💚💚💚,positive
🙂,positive
just 💙,positive
feeling 🔥🔥🔥,positive
feeling 💙,positive
🥳🥳🥳,positive
feeling 💜💜💜,positive
feeling 💛,positive
just 🤣,positive
🎊🎊🎊,positive
😊😊😊,positive
feeling 😀😀😀,positive
🧡🧡🧡,positive
feeling 👍👍👍,positive
feeling 🙌🙌🙌,positive
feeling 🥰,positive
just 😂😂,positive
feeling 🙌🙌,positive
just 😇😇😇,positive
just 🎉🎉,positive
just ❤❤,positive
feeling 😃😃,positive
👍👍,positive
just 💜💜💜,positive
just 🤣,positive
😃😃😃,positive
🤣🤣🤣,positive
💛💛,positive
feeling 😎😎,positive
feeling 🥰🥰,positive
just 😄,positive
🥳,positive
just 🧡,positive
feeling 🎉,positive
🧡🧡,positive
😁,positive
💜💜,positive
😇😇😇,positive
🎉🎉,positive
just 🙌🙌🙌,positive
feeling 🥰🥰🥰,positive
feeling 💛💛💛,positive
just 💪💪💪,positive
just 💜,positive
feeling 💜💜💜,positive
just 😄😄,positive
🙌🙌🙌,positive
😆😆,positive
🥰,positive
😊,positive
just 😂,positive
feeling 🎉,positive
just 😍,positive
just 🙌,positive
️️,positive
just 🤩,positive
👍,positive
just 🤩🤩,positive
just 🤩,positive
just 💪💪,positive
feeling 🎊,positive
feeling 😄😄,positive
️,positive
feeling 🎊🎊🎊,positive
just 🤩🤩🤩,positive
feeling 👍👍👍,positive
feeling 😁,positive
😍😍😍,positive
feeling 💚💚💚,positive
👏👏👏,positive
🎉🎉,positive
💚,positive
💙💙,positive
feeling 👍👍,positive
feeling ️️️,positive
😊😊😊,positive
🎉🎉,positive
feeling 💛,positive
feeling 🔥🔥,positive
😃,positive
feeling 👏👏,positive
💛,positive
just 👍,positive
just ✨✨,positive
💚,positive
💙💙💙,positive
feeling 🙌🙌,positive
feeling ✨,positive
😆,positive
feeling 👍,positive
feeling 🎉,positive
💙,positive
🙌🙌🙌,positive
just 😁😁😁,positive
feeling 😍,positive
just 👏👏,positive
feeling 😎😎,positive
just 🧡🧡🧡,positive
🤩🤩🤩,positive
feeling ️️️,positive
just 💛,positive
just 😃😃😃,positive
💯💯,positive
feeling 😎😎,positive
feeling 😆😆,positive
feeling 💚💚,positive
just 🎉,positive
feeling ️️,positive
️,positive
feeling 🔥🔥,positive
feeling 😁😁😁,positive
✨✨✨,positive
just 💛💛,positive
👍,positive
😇😇,positive
just 👍👍👍,positive
just 👍,positive
just 🥳🥳🥳,positive
feeling 🤩,positive
👍,positive
feeling 👍,positive
feeling 😃,positive
🤣🤣🤣,positive
just 👏👏,positive
feeling 👏👏,positive
🙂,positive
just ️,positive
🥰🥰🥰,positive
feeling 😂😂😂,positive
🙂🙂,positive
feeling 😁😁😁,positive
😇😇,positive
just 😎😎,positive
🎊🎊,positive
just 😆😆,positive
just 💛💛,positive
just 🙂🙂,positive
just 🙌,positive
just 👍👍,positive
just 😄😄,positive
🎊,positive
just ❤,positive
😊😊😊,positive
just 😍😍,positive
💯💯💯,positive
just 😆😆,positive
😃,positive
😆😆😆,positive
just 😃😃,positive
🤩🤩🤩,positive
feeling ❤,positive
just 💙💙,positive
😁😁😁,positive
feeling 🎉🎉,positive
🔥,positive
feeling 🥰,positive
just 😇😇,positive
just 🥳,positive
feeling 💜💜💜,positive
💯💯💯,positive
just 🤩🤩,positive
just 💚,positive
feeling ❤❤,positive
💛💛,positive
feeling 👏👏👏,positive
🤩🤩,positive
feeling ️️️,positive
🔥🔥,positive
❤❤❤,positive
💯💯,positive
just 😆😆😆,positive
just 💚,positive
💙💙,positive
just ️️️,positive
feeling 👍👍👍,positive
just 😊😊,positive
feeling 👏👏,positive
just 👏👏👏,positive
😇😇😇,positive
just 🧡,positive
just 😆,positive
just 💜💜💜,positive
feeling ✨✨✨,positive
just 🙌🙌,positive
feeling 💙💙,positive
🥳🥳🥳,positive
just 🔥,positive
just 🎊,positive
just 😁😁😁,positive
feeling 😀😀😀,positive
just 😆😆,positive
feeling 😃,positive
feeling 😆😆😆,positive
🎉,positive
💜,positive
👏👏👏,positive
just 🙌🙌🙌,positive
feeling ✨✨✨,positive
🥳🥳,positive
🙌🙌,positive
feeling 🎉,positive
just 💪💪,positive
🤩🤩🤩,positive
feeling 😎😎,positive
just 😇,positive
😍,positive
feeling 💙💙💙,positive
just 🧡🧡,positive
🥳🥳🥳,positive
just 😀😀,positive
🔥🔥,positive
😆😆😆,positive
💚💚,positive
😀😀😀,positive
️,positive
just 🥰,positive
feeling ✨,positive
just 🧡,positive
feeling 😁😁,positive
💜💜,positive
just 😍😍😍,positive
just 🤣🤣🤣,positive
just 😆,positive
feeling 💙💙💙,positive
feeling 😍😍😍,positive
just 😃😃😃,positive
🤩🤩,positive
🙌,positive
just 😇,positive
🔥🔥🔥,positive
just 💪,positive
just 😇😇😇,positive
feeling 😂,positive
feeling 🙌🙌,positive
💚💚💚,positive
😇😇,positive
feeling 👏👏👏,positive
feeling 😄😄😄,positive
😀,positive
💜💜💜,positive
️️,positive
feeling 😎,positive
just 😎😎,positive
just 😃😃,positive
feeling 😀😀,positive
just 😀,positive
just 😍😍😍,positive
feeling 🥳🥳🥳,positive
😃,positive
just 😇😇,positive
just 🥰,positive
️,positive
just 💯💯💯,positive
just 😇,positive
just ❤,positive
feeling 😃😃😃,positive
just 🧡🧡,positive
just 🙌🙌,positive
feeling 😊😊😊,positive
🥳🥳🥳,positive
feeling 😀😀,positive
just 🤣🤣🤣,positive
just 😆😆😆,positive
feeling 🎊,positive
feeling 😄😄,positive
❤❤,positive
😆😆,positive
😎😎😎,positive
feeling 👏👏👏,positive
just 💛💛💛,positive
🥳🥳,positive
just 💙💙💙,positive
feeling 💪,positive
feeling 💪💪💪,positive
feeling 😀,positive
just 😄😄😄,positive
just ️️,positive
just 😇,positive
🎊🎊🎊,positive
feeling 🙌,positive
just 🙂🙂🙂,positive
just 💙💙,positive
💚💚💚,positive
💚,positive
just 😊😊😊,positive
just 😊😊,positive
feeling 😂😂,positive
feeling 🙂,positive
just ❤,positive
feeling 💚💚,positive
🤩,positive
👏👏👏,positive
just ️️,positive
just 🤩🤩,positive
just 😂,positive
feeling 🎊🎊,positive
🧡🧡🧡,positive
just 😂,positive
💜💜,positive
feeling 👍,positive
feeling 😃😃,positive
just 💪,positive
just 😄😄😄,positive
👏,positive
feeling 🔥🔥,positive
just 😆😆,positive
just 😆,positive
👍,positive
just 😂😂😂,positive
🙌🙌🙌,positive
just ❤,positive
just 😀😀,positive
feeling 👏👏👏,positive
just 😂😂😂,positive
just 🧡🧡,positive
🥳🥳,positive
feeling 💙,positive
feeling 😊😊,positive
💚💚💚,positive
feeling 😇,positive
😁😁,positive
just 💪💪💪,positive
just 🙌,positive
🎉🎉🎉,positive
just 🤣🤣🤣,positive
just 💯💯,positive
just 🥳,positive
🔥🔥,positive
😇😇,positive
just 💯💯,positive
✨,positive
❤❤,positive
😀😀😀,positive
just 🥰🥰,positive
just 🧡🧡,positive
just 🎊🎊🎊,positive
😍😍,positive
feeling 😆😆😆,positive
just ️️️,positive
just 💚,positive
feeling 🤩🤩🤩,positive
just 🙌🙌🙌,positive
just 😊😊,positive
feeling 💛,positive
😆😆😆,positive
👏👏,positive
feeling 🙂🙂,positive
just 💛,positive
feeling 🤩,positive
feeling 😍,positive
✨,positive
❤,positive
️️️,positive
👏👏👏,positive
😇😇😇,positive
💪💪,positive
💚💚💚,positive
😄😄,positive
🙌🙌,positive
✨✨,positive
just 💯💯,positive
😂,positive
👍,positive
😇😇,positive
just 😁,positive
feeling 😂😂,positive
feeling 😃😃,positive
feeling 👍,positive
just 🧡🧡,positive
just 💚💚💚,positive
just 🧡🧡🧡,positive
feeling 💯💯,positive
feeling 💚💚,positive
feeling 👏👏👏,positive
just 💪,positive
😇,positive
feeling 👏,positive
just 😀,positive
just 💚💚💚,positive
feeling 💚💚,positive
️,positive
feeling 👏👏,positive
❤❤,positive
just ✨✨✨,positive
🥰🥰🥰,positive
feeling 💛💛,positive
feeling 🤩🤩🤩,positive
feeling 🎊,positive
just 👏👏👏,positive
just 😍,positive
feeling 👏👏👏,positive
feeling 😍,positive
feeling 💙💙💙,positive
just 👍👍👍,positive
🤣🤣🤣,positive
feeling 💙💙,positive
💛💛💛,positive
feeling ️,positive
😀😀😀,positive
just 🎊,positive
😄😄,positive
just 👍👍👍,positive
🎉🎉🎉,positive
just 😊,positive
feeling 🔥🔥🔥,positive
just 😊😊,positive
feeling 👍👍,positive
just ️️,positive
just 😄,positive
just 😆😆,positive
🥰,positive
feeling 😎😎😎,positive
just 👏👏,positive
just 🤣🤣🤣,positive
feeling 🤣🤣🤣,positive
just 👍👍,positive
just 😊,positive
💯,positive
just 🧡🧡,positive
just 🙂🙂🙂,positive
just ✨✨,positive
️,positive
feeling 🧡🧡,positive
💯💯,positive
💯,positive
just 😊😊😊,positive
just 🤩🤩,positive
💛💛💛,positive
feeling ️,positive
feeling 💚💚💚,positive
just 😂😂😂,positive
feeling 🎉🎉,positive
feeling 🥳,positive
😎😎😎,positive
👍,positive
🤩,positive
just 🤩🤩,positive
just 💜💜💜,positive
feeling 😃😃,positive
just 🎊,positive
💜💜💜,positive
🎊,positive
😇,positive
just 😊😊😊,positive
feeling 🥳,positive
😄,positive
just 😇,positive
🥳,positive
just ❤❤,positive
feeling ✨,positive
feeling ✨✨,positive
feeling 😁,positive
feeling 👏👏,positive
feeling 🥰🥰🥰,positive
just 🙂🙂🙂,positive
feeling 🔥🔥🔥,positive
just 😍😍😍,positive
just 😂😂,positive
just 😀😀😀,positive
️️️,positive
just 😀😀😀,positive
feeling 👍,positive
feeling 🔥🔥,positive
just 😁😁😁,positive
just 🤩🤩🤩,positive
just 💚,positive
💯,positive
feeling 😀😀😀,positive
💪💪,positive
just 🎉🎉🎉,positive
feeling 🎊,positive
feeling 😀😀😀,positive
just 😇,positive
feeling ❤❤❤,positive
feeling 💪💪💪,positive
just ✨✨,positive
🙌🙌🙌,positive
feeling 🥰,positive
feeling 🤣,positive
feeling 💜💜💜,positive
😇😇😇,positive
🎉🎉,positive
feeling 😊😊😊,positive
just 💯💯💯,positive
feeling ❤,positive
just 😄😄,positive
just 😎😎,positive
💛💛💛,positive
feeling ❤,positive
🥰🥰🥰,positive
😄😄,positive
feeling 💚💚,positive
🤣🤣🤣,positive
😂😂,positive
just 🔥🔥🔥,positive
❤❤,positive
🤣🤣🤣,positive
just 👏👏,positive
💚💚,positive
just 💙💙,positive
feeling 💪💪💪,positive
feeling 🙌🙌🙌,positive
just 💯,positive
just 💛💛,positive
just 😎😎😎,positive
feeling 🥳🥳🥳,positive
just 💯,positive
💛,positive
just 🥰,positive
feeling 🙂🙂🙂,positive
feeling 👏👏👏,positive
🎊🎊,positive
feeling 😆😆😆,positive
feeling 👏👏👏,positive
feeling 😎😎😎,positive
😆,positive
feeling 🙂🙂,positive
feeling 💙💙,positive
feeling ❤❤,positive
just 🤩🤩,positive
just 🤣🤣,positive
💯💯,positive
🙌🙌🙌,positive
just 😂,positive
feeling 🥳🥳,positive
feeling 😊😊😊,positive
feeling 👏,positive
just 🤣,positive
just 🙌🙌,positive
️️️,positive
feeling 💙💙,positive
just 😆,positive
feeling 💪💪,positive
feeling 😇😇😇,positive
feeling 🙌,positive
just ✨✨✨,positive
💯💯💯,positive
just 😇😇,positive
just 🧡🧡🧡,positive
just 👏👏👏,positive
feeling 😄,positive
feeling 🔥🔥,positive
👏,positive
feeling 💯,positive
feeling ❤❤❤,positive
just 🙂🙂,positive
just 🥳🥳,positive
just 😎😎,positive
just 🧡🧡,positive
💜,positive
feeling 💚💚,positive
just 💪,positive
😎😎😎,positive
feeling 😊😊,positive
just 🤩🤩,positive
feeling ❤,positive
just 🎉🎉,positive
feeling ❤❤❤,positive
feeling 🙌🙌🙌,positive
feeling 😊,positive
feeling 💪💪💪,positive
feeling ✨,positive
just 💙💙,positive
🥰,positive
just 💯💯💯,positive
just 😇😇,positive
🙂,positive
just 🥰,positive
just 😇,positive
just 😄😄😄,positive
😀😀,positive
🙌,positive
just ✨✨✨,positive
👍,positive
️️️,positive
🧡🧡🧡,positive
just ❤❤❤,positive
😆😆😆,positive
just 😂😂,positive
feeling 💛💛💛,positive
feeling 😃😃😃,positive
🎉🎉,positive
feeling 😇,positive
feeling 🙌🙌,positive
feeling 🥳🥳,positive
😀😀,positive
just 👏,positive
💚💚💚,positive
just 😀,positive
just 🔥,positive
feeling ✨,positive
just 😊😊😊,positive
feeling 😁😁,positive
feeling 😇,positive
feeling 😆😆,positive
💚💚💚,positive
💯💯💯,positive
just 💚,positive
😂,positive
😍😍,positive
🙂,positive
just 🧡🧡🧡,positive
just 💚💚,positive
💜💜,positive
feeling ️️,positive
😊😊,positive
just 😆,positive
just 😊😊,positive
just ❤❤❤,positive
🤩🤩🤩,positive
feeling 🥳🥳,positive
feeling 🎊🎊🎊,positive
💙,positive
feeling 💛,positive
😁😁😁,positive
just 💜💜,positive
just 🔥,positive
feeling 😀😀,positive
just 💜💜,positive
just 🔥,positive
🎊🎊,positive
just 🔥🔥,positive
feeling 😄,positive
feeling 😀😀,positive
feeling 😀😀😀,positive
just 🔥🔥🔥,positive
🎊🎊🎊,positive
😎😎,positive
feeling 💙💙💙,positive
feeling 😁😁,positive
feeling 😃😃😃,positive
just 🤣🤣🤣,positive
🥰🥰🥰,positive
feeling 💙💙💙,positive
😍😍,positive
feeling 😆😆,positive
feeling 🤩,positive
just 😇😇😇,positive
just 🥰🥰🥰,positive
just 🤩🤩,positive
feeling 😀😀😀,positive
feeling 🎉🎉,positive
just 😊,positive
just 👍👍,positive
just 💯,positive
just 💜,positive
feeling 🙂🙂🙂,positive
just 😂,positive
just 😁,positive
feeling 💯💯💯,positive
just 🥰🥰,positive
🙌,positive
just 😁😁😁,positive
😀😀😀,positive
feeling 💚,positive
😆😆,positive
🤩🤩🤩,positive
feeling 👍👍👍,positive
just 🙂🙂,positive
😁,positive
feeling 🤣,positive
feeling 🙌🙌🙌,positive
🧡🧡,positive
just 🥰🥰,positive
just 👏,positive
feeling 😁😁😁,positive
just 💯💯,positive
just 💚💚💚,positive
🎉🎉🎉,positive
just ❤❤❤,positive
feeling 💯💯,positive
🙌🙌🙌,positive
feeling 💚,positive
feeling 🎉,positive
feeling 😀😀😀,positive
🙌🙌,positive
😃,positive
feeling 🥰🥰🥰,positive
👍,positive
🥰🥰🥰,positive
feeling 😄😄,positive
just 😂😂😂,positive
just 🤣🤣,positive
just 🎊,positive
just 💛💛,positive
💪💪💪,positive
just 💛,positive
🎉🎉,positive
just 👍👍,positive
💜,positive
feeling 😄😄,positive
feeling ️️️,positive
feeling 😊,positive
just 👏👏👏,positive
feeling 🙌,positive
just 💯💯💯,positive
feeling 💚💚💚,positive
just 🥳🥳,positive
just 💪,positive
😆,positive
😄😄,positive
🥰🥰🥰,positive
😃😃,positive
just 🙂🙂,positive
just 😁😁😁,positive
just ❤,positive
just 🤩🤩,positive
💛💛,positive
😇😇😇,positive
just ️️,positive
feeling 😍😍😍,positive
😇😇,positive
feeling 🔥🔥🔥,positive
😄😄,positive
just 🙂,positive
😇😇😇,positive
just 🎉🎉🎉,positive
feeling 😊😊😊,positive
feeling 💜,positive
feeling 😊,positive
🥰🥰,positive
just 😃😃,positive
🎉🎉🎉,positive
🥰🥰,positive
feeling 💛,positive
just 💜💜,positive
just 😍😍,positive
just 😇,positive
feeling ✨✨,positive
just 💙,positive
feeling 💚💚💚,positive
just ️️️,positive
just 💛💛,positive
💯💯💯,positive
feeling ❤❤❤,positive
just ❤❤❤,positive
feeling 🤣🤣,positive
feeling 😇😇😇,positive
feeling 🤩🤩,positive
😎,positive
😎,positive
feeling 😍,positive
feeling 😄😄😄,positive
feeling 😆😆,positive
💜,positive
just 💪,positive
😍😍😍,positive
feeling 😂😂😂,positive
just 💛,positive
🥰,positive
😍😍,positive
just 💜💜,positive
😇,positive
👏,positive
feeling 💚💚,positive
just 😇😇,positive
👍,positive
just 🎊🎊,positive
just 💚💚,positive
feeling 😆,positive
just 🥰,positive
just ❤❤❤,positive
feeling ️,positive
just 🎉,positive
🎉🎉,positive
feeling 😊😊😊,positive
just 💪💪💪,positive
😀😀😀,positive
just 😀😀😀,positive
✨✨,positive
feeling 💙💙💙,positive
feeling 💪💪💪,positive
feeling 💜,positive
️️️,positive
❤❤,positive
😊😊,positive
feeling 😀😀😀,positive
feeling 💜,positive
feeling 😇😇,positive
✨✨,positive
❤,positive
feeling 🙌,positive
feeling 😍😍,positive
just 🤣🤣🤣,positive
feeling 💚💚,positive
just 😍,positive
feeling 💛💛💛,positive
❤❤❤,positive
🙂🙂🙂,positive
just 💜💜,positive
feeling 💙💙💙,positive
feeling 👍👍,positive
💜💜,positive
💚💚💚,positive
just 😃,positive
just ❤❤,positive
🎊🎊🎊,positive
feeling 💪,positive
just 🙂,positive
🥳,positive
feeling 🔥🔥,positive
😀😀😀,positive
feeling 🤣🤣,positive
just 😇😇😇,positive
😍😍😍,positive
just 🤣,positive
feeling 🥳🥳,positive
feeling 🤩🤩🤩,positive
feeling 🙂🙂🙂,positive
😁😁😁,positive
just 💙💙,positive
🤩🤩,positive
just 🥰🥰,positive
😊😊,positive
😂,positive
just 💚💚,positive
😆,positive
️,positive
just 🙂🙂🙂,positive
just 😂😂,positive
just 🙂🙂🙂,positive
feeling 🎉🎉🎉,positive
🥳🥳🥳,positive
🙌🙌,positive
😂😂,positive
just 🥰🥰,positive
💯,positive
feeling 😀😀😀,positive
✨,positive
🤣🤣🤣,positive
just 🥰🥰,positive
🧡🧡,positive
feeling 🤩🤩,positive
just 💯💯💯,positive
😊😊,positive
feeling ️️,positive
🥰,positive
feeling ✨✨✨,positive
feeling ❤,positive
just 🎉🎉🎉,positive
🥰,positive
😇😇😇,positive
😎😎,positive
😁😁😁,positive
feeling 👏,positive
😁😁,positive
feeling 🎊🎊🎊,positive
feeling 😃😃,positive
feeling 😄😄,positive
😀😀,positive
just 💛,positive
😇,positive
just ✨✨,positive
just 👍👍,positive
feeling 🙂🙂🙂,positive
😆😆,positive
feeling 😇😇😇,positive
🤩🤩🤩,positive
feeling 💪💪,positive
just 🤣🤣,positive
feeling 🎉🎉,positive
just 😀,positive
just 💙💙💙,positive
👏👏👏,positive
just 😀😀😀,positive
❤❤❤,positive
feeling 💜💜,positive
just 😀😀,positive
just 🎊,positive
feeling 🔥🔥,positive
✨✨,positive
feeling 😂😂😂,positive
feeling 🙌🙌,positive
😆😆😆,positive
just 💜💜💜,positive
💪,positive
just 💪💪,positive
just 😊😊,positive
just 🥳,positive
just 😃,positive
just 😀,positive
just 💛💛,positive
just 🎊🎊🎊,positive
😍😍😍,positive
feeling 😊😊😊,positive
❤,positive
feeling 😁😁,positive
feeling 🤩🤩,positive
feeling 💛💛💛,positive
😇😇,positive
just 😀😀😀,positive
just 💜💜💜,positive
feeling 💛💛,positive
feeling ✨✨✨,positive
feeling 😃,positive
just 😍,positive
just 🙌🙌🙌,positive
just 💜💜💜,positive
just ️,positive
💪💪,positive
feeling 🥰🥰🥰,positive
💯💯,positive
😊😊😊,positive
just 🙂,positive
just 🎊🎊,positive
just 🥳🥳🥳,positive
feeling 🎊,positive
feeling 😂😂😂,positive
😊😊😊,positive
just 💜,positive
feeling 🤩🤩🤩,positive
😂😂😂,positive
💚💚,positive
just ️️,positive
feeling 🙌🙌🙌,positive
just 😃😃😃,positive
just ✨✨,positive
just 🧡🧡🧡,positive
feeling 🙌,positive
feeling 🔥🔥🔥,positive
feeling ️️,positive
😂,positive
just 🎉,positive
😊😊😊,positive
feeling 🤣🤣,positive
feeling 🤩,positive
😁😁,positive
💪💪,positive
💯💯,positive
💜,positive
just 🙂🙂,positive
😇😇😇,positive
🧡,positive
feeling 😄,positive
just 😂,positive
🎊,positive
❤❤❤,positive
😎,positive
😇😇😇,positive
🤩🤩🤩,positive
just 💚,positive
just 🧡🧡,positive
feeling 💚,positive
feeling 😀😀,positive
👍👍👍,positive
just 🔥🔥🔥,positive
just 😇😇😇,positive
just 👏👏👏,positive
just ❤❤❤,positive
just 💚💚💚,positive
just 💪💪💪,positive
feeling 😃😃😃,positive
feeling 😍,positive
👍👍,positive
feeling 💜,positive
just ️,positive
feeling ✨,positive
feeling 🎉🎉🎉,positive
😃,positive
just 💯💯,positive
feeling 🤣🤣,positive
feeling 😆😆,positive
just 🥰,positive
just 😍😍,positive
just ✨,positive
🙌🙌,positive
just 😆😆😆,positive
feeling ️️,positive
just 👏👏,positive
feeling 🤣,positive
🎊🎊,positive
just 💪💪,positive
🙂,positive
just 💯💯💯,positive
🙂,positive
😊,positive
just 😎😎,positive
💙,positive
🎊🎊,positive
just 💜💜,positive
just 😎😎,positive
just 😁,positive
💛💛💛,positive
feeling 👏,positive
just 😍😍😍,positive
💯💯💯,positive
feeling 😊,positive
feeling 💛💛,positive
🤩🤩,positive
just 😀😀,positive
just 💚💚,positive
just 🧡🧡🧡,positive
💪,positive
just 😁😁,positive
just 😂,positive
just 🧡,positive
😂😂,positive
feeling 🎊🎊,positive
💛💛,positive
feeling 🙂🙂,positive
just 😀😀,positive
just 💪💪,positive
feeling 😍😍,positive
feeling 😊,positive
😂,positive
just 😂😂😂,positive
💯💯,positive
just 🤣🤣,positive
just 💛💛💛,positive
just 👍👍👍,positive
feeling 😁😁😁,positive
just 🥰🥰,positive
🔥🔥🔥,positive
feeling 🙂🙂,positive
😀😀,positive
🥰🥰🥰,positive
😆,positive
feeling 😍😍😍,positive
👏,positive
just 🥳,positive
just 👍,positive
just 🥳🥳,positive
❤,positive
just 😂😂,positive
feeling 😊,positive
feeling 🙂🙂,positive
just 💪,positive
✨✨✨,positive
💙💙,positive
feeling 👍,positive
feeling 🙂🙂,positive
😁😁😁,positive
feeling 😆😆,positive
😇😇,positive
👏👏👏,positive
feeling 🎊🎊,positive
feeling 🤩🤩🤩,positive
😇,positive
just 🤩🤩🤩,positive
feeling 😃,positive
just 🎊🎊,positive
just 🙂🙂,positive
😂,positive
🙂🙂,positive
feeling 🤩,positive
just 😇😇😇,positive
feeling ❤,positive
🎉🎉🎉,positive
😊,positive
feeling ❤❤❤,positive
feeling 😇😇😇,positive
just 👏👏,positive
🎊,positive
feeling 💚💚,positive
just 🎊,positive
feeling 🤩,positive
just 💜,positive
🧡,positive
❤,positive
😁😁😁,positive
just 😇😇😇,positive
😃,positive
just 💪,positive
feeling 😁😁😁,positive
just 😃😃😃,positive
❤,positive
just 🎉🎉🎉,positive
😃😃😃,positive
feeling 💛💛,positive
just 🥳,positive
feeling 😀😀,positive
feeling 😇😇,positive
feeling 😆😆😆,positive
just 😎,positive
feeling 🤩🤩,positive
feeling 💛💛,positive
just ✨✨,positive
💪💪💪,positive
feeling ❤,positive
😊,positive
just 💯,positive
💙💙,positive
feeling ️️,positive
😇,positive
feeling 😃😃😃,positive
just 🥰,positive
feeling 😆😆,positive
💯,positive
🙂,positive
just 🤩🤩,positive
feeling 😊😊😊,positive
just 💙💙💙,positive
🙌🙌🙌,positive
🥳🥳,positive
just 🙌,positive
just 😂😂,positive
just 🤣🤣,positive
️️️,positive
just 🤣🤣,positive
just 👍👍,positive
feeling ✨✨,positive
just 🤩🤩🤩,positive
feeling 💪,positive
feeling 🥳🥳🥳,positive
feeling 💯💯,positive
feeling 😊😊😊,positive
just 💚💚,positive
feeling 😊😊😊,positive
just 💯,positive
feeling 🎉🎉🎉,positive
feeling 🎉🎉,positive
just 🙌🙌,positive
just 💯💯,positive
just 😊😊,positive
feeling 🥰🥰,positive
just ️️,positive
feeling 💪,positive
✨✨,positive
just 🤩🤩🤩,positive
feeling 😀😀😀,positive
just 😆😆😆,positive
just 🧡🧡🧡,positive
feeling 😂😂,positive
feeling 💚💚💚,positive
feeling 😎😎,positive
just 😊,positive
just 💯💯💯,positive
feeling 😎,positive
feeling 👏👏👏,positive
feeling 🥳,positive
🤣🤣🤣,positive
😆😆😆,positive
just 🎉🎉,positive
😆😆,positive
just 😎😎,positive
💙💙💙,positive
feeling 💛,positive
🎊,positive
feeling 😇😇😇,positive
feeling 😃😃😃,positive
feeling ️️,positive
feeling 🎉,positive
feeling 🥳,positive
feeling 😊😊,positive
💚,positive
feeling 😍😍,positive
just 👍,positive
💙💙💙,positive
feeling 🎉,positive
feeling ✨,positive
feeling 🎊🎊,positive
👍,positive
feeling 😍😍,positive
just 💚💚,positive
feeling 👍👍,positive
😊😊😊,positive
just 😀😀😀,positive
feeling 💯💯,positive
just ✨✨✨,positive
✨✨,positive
feeling 🔥🔥,positive
just 😄,positive
feeling 🎊🎊🎊,positive
💙💙,positive
feeling 🙂🙂🙂,positive
💛,positive
just 😂😂,positive
feeling 🥰🥰,positive
💯,positive
😊,positive
just 😆😆😆,positive
🤩,positive
just ✨✨,positive
feeling 😃😃,positive
feeling 😃😃😃,positive
feeling 💜,positive
just 💛💛💛,positive
feeling 🎊,positive
❤❤,positive
🧡🧡🧡,positive
feeling ❤❤❤,positive
just 🙌🙌,positive
feeling 😆😆😆,positive
feeling 😇😇,positive
feeling ❤❤❤,positive
feeling 😀😀,positive
💯💯💯,positive
just 😃,positive
feeling 😍,positive
feeling 🙂🙂,positive
😎😎,positive
🙂🙂,positive
feeling 🥰🥰🥰,positive
just 😆😆😆,positive
just 💜💜,positive
🤩,positive
👍👍,positive
feeling 🙂🙂🙂,positive
just 👏👏,positive
💛💛,positive
😎,positive
🤣,positive
just 🥳,positive
feeling 🙂🙂,positive
feeling ️️,positive
🤩🤩,positive
feeling 😍😍😍,positive
feeling ✨✨,positive
feeling 😀😀,positive
😍😍😍,positive
👍👍,positive
feeling 😇😇😇,positive
🎉🎉🎉,positive
🙌🙌🙌,positive
feeling 💙,positive
just 💛💛💛,positive
just 🎉,positive
💯,positive
💯,positive
🧡🧡,positive
💯💯,positive
😎😎😎,positive
feeling 🎊🎊🎊,positive
💙,positive
🥰🥰🥰,positive
😄,positive
just 💪💪💪,positive
just 😄,positive
feeling 🧡🧡,positive
😊,positive
feeling 🙌🙌🙌,positive
just 💛💛💛,positive
👍👍,positive
😄😄😄,positive
just 🤣,positive
😃,positive
feeling 😁😁😁,positive
💛,positive
😇😇,positive
feeling 💜💜,positive
just 🥰🥰,positive
feeling 🎉🎉🎉,positive
🧡,positive
feeling 💙,positive
just 😄,positive
just ❤❤❤,positive
just 🎉,positive
💯💯💯,positive
feeling 🙂🙂🙂,positive
just 🤣,positive
feeling 🎉,positive
feeling 🙌,positive
just 💯,positive
just 💜💜💜,positive
just 😃,positive
feeling 👏👏,positive
just 🙌🙌🙌,positive
feeling 😊😊,positive
just 💙💙💙,positive
💚💚💚,positive
just 🙂🙂🙂,positive
feeling 💙💙💙,positive
feeling 💯,positive
feeling 🎉,positive
just 😃😃,positive
feeling 🤩🤩,positive
feeling 🎉,positive
just 😍,positive
feeling 😆,positive
feeling 😄😄,positive
just 😂,positive
✨✨✨,positive
feeling ️️,positive
🎊🎊🎊,positive
feeling 🎉,positive
😍,positive
just 😍,positive
feeling 🎊,positive
feeling 💜💜,positive
💪💪💪,positive
just 😂😂😂,positive
feeling 🎉🎉🎉,positive
feeling 😂,positive
feeling 🎉🎉🎉,positive
feeling 🧡,positive
feeling 🎊,positive
just 💯,positive
💯,positive
just 💙💙,positive
feeling 🙌🙌🙌,positive
feeling 🙌,positive
just 🧡,positive
️️️,positive
💪💪💪,positive
feeling 🧡🧡🧡,positive
🎊🎊,positive
😀😀,positive
just 👏,positive
🎉,positive
just 🔥,positive
👏👏,positive
💜💜💜,positive
🧡🧡,positive
feeling 🙌🙌,positive
feeling 💯,positive
feeling 😇,positive
💚💚,positive
😍😍😍,positive
just 🥰,positive
just 😃😃,positive
just 💚,positive
feeling 💜💜💜,positive
just 💛💛,positive
just 😀😀😀,positive
feeling 🎉🎉,positive
just 💚,positive
🎊🎊🎊,positive
🥳🥳🥳,positive
feeling 😇😇,positive
😃,positive
just 🙂🙂🙂,positive
just 👏👏,positive
💛,positive
just 🙂,positive
😂😂😂,positive
just 🤣,positive
🔥,positive
feeling ✨✨,positive
❤❤,positive
😊,positive
just 😄😄,positive
😃,positive
just 🤩🤩,positive
✨✨,positive
just 😎😎😎,positive
️,positive
feeling 🥳🥳🥳,positive
🙌,positive
just 😇😇,positive
feeling 💙💙💙,positive
just 🤣🤣🤣,positive
🤩🤩,positive
😇😇😇,positive
just 💚💚,positive
✨,positive
feeling 😁😁,positive
feeling 😂,positive
💙💙,positive
feeling 🤩🤩🤩,positive
feeling 😄😄,positive
🧡🧡,positive
🙌🙌,positive
👏👏👏,positive
just 😊😊😊,positive
✨✨,positive
feeling 🤣🤣🤣,positive
just 💛💛,positive
👍👍,positive
feeling 😀,positive
just 😁😁😁,positive
just 😊,positive
😇😇,positive
feeling 💪💪,positive
just 🤣🤣🤣,positive
just 🙂🙂,positive
just 💜,positive
feeling 😎😎😎,positive
feeling 💜💜,positive
feeling 🎉,positive
🙂🙂🙂,positive
just 🎉🎉🎉,positive
just 🔥,positive
feeling 🙌,positive
🥰🥰🥰,positive
just 😁,positive
feeling 😎😎,positive
feeling 🤣🤣🤣,positive
feeling 💯💯,positive
feeling 😎,positive
😀😀😀,positive
just 😂😂😂,positive
❤❤❤,positive
just 🎉,positive
just ✨,positive
just ️️,positive
🥳,positive
feeling 😃😃😃,positive
just 🤣,positive
just 🥳🥳,positive
😍😍😍,positive
just 🙌🙌🙌,positive
just 💯💯💯,positive
😀,positive
😀😀😀,positive
feeling ❤❤❤,positive
💛💛,positive
just 😎😎😎,positive
👍👍👍,positive
feeling ✨✨,positive
feeling 🤩🤩🤩,positive
💛,positive
feeling 🎉,positive
feeling 🎊,positive
just 💜,positive
😃😃😃,positive
feeling 🤩🤩🤩,positive
😍😍,positive
just ✨✨,positive
🥳🥳🥳,positive
💙💙,positive
just 💜💜💜,positive
👏👏👏,positive
feeling 🧡🧡🧡,positive
feeling 😄,positive
feeling 🥰,positive
feeling 🤩🤩🤩,positive
feeling 😎😎😎,positive
feeling ✨✨✨,positive
just 💙💙💙,positive
feeling 💙💙💙,positive
just 💪💪💪,positive
feeling 💪💪💪,positive
feeling 💙,positive
❤,positive
feeling 🎊,positive
just 😇😇,positive
🤩🤩,positive
feeling 💛,positive
🥰🥰🥰,positive
just 🧡,positive
💜,positive
feeling 😄,positive
feeling 💪💪💪,positive
😍,positive
just 😃😃😃,positive
feeling 👏,positive
🧡,positive
feeling 😊😊😊,positive
just 💜,positive
just 👍👍,positive
just ✨✨,positive
feeling 🔥,positive
just 💜💜💜,positive
👏👏,positive
just ✨✨✨,positive
feeling 🙌,positive
💯💯💯,positive
feeling 😊😊😊,positive
feeling 😁😁,positive
😆😆😆,positive
just 💛💛💛,positive
just 💜,positive
just 😂😂,positive
just ️,positive
✨✨✨,positive
feeling 🔥🔥🔥,positive
🧡,positive
feeling 💛,positive
feeling 😂😂,positive
👏👏,positive
😊😊😊,positive
just 😇,positive
😆😆,positive
feeling 💙💙,positive
just 😊😊,positive
just 😆,positive
feeling 💚,positive
just 😆😆😆,positive
just 😆😆,positive
feeling 😄😄,positive
😆😆😆,positive
feeling 😊😊,positive
feeling 👍,positive
feeling 🥳🥳,positive
feeling 🔥,positive
feeling 🔥🔥🔥,positive
🙌🙌,positive
😊😊😊,positive
just 👍,positive
feeling 💚💚,positive
feeling 😁,positive
feeling 🙌🙌🙌,positive
feeling 🥳🥳🥳,positive
🥳🥳,positive
feeling ❤❤❤,positive
just 🧡🧡,positive
feeling 🙂,positive
feeling 😎😎😎,positive
just 🎉🎉🎉,positive
just 💙💙💙,positive
just 😀,positive
just 😊😊😊,positive
just 🎉🎉,positive
feeling ️️,positive
just ✨✨,positive
feeling 🧡,positive
👍👍👍,positive
🥰🥰,positive
just 💛💛💛,positive
feeling 😊😊,positive
feeling 😁,positive
💯💯💯,positive
just 😂,positive
✨✨,positive
💙💙💙,positive
😆😆😆,positive
🥰🥰,positive
👍,positive
just 👏👏👏,positive
💪💪,positive
🥰🥰🥰,positive
️️,positive
feeling 🥰,positive
😆,positive
just 😊,positive
🔥🔥,positive
just 🤣🤣,positive
😃😃😃,positive
just 💜💜💜,positive
🙌🙌🙌,positive
feeling 🙌,positive
just 👍👍,positive
feeling 🎉🎉,positive
😀😀,positive
✨✨,positive
feeling 😂😂😂,positive
😍😍😍,positive
feeling 💛💛,positive
just 😃😃,positive
feeling 💙💙,positive
just 👏👏,positive
feeling 💪💪💪,positive
just ✨,positive
just 😀,positive
️,positive
feeling 🤣,positive
just 💛💛💛,positive
feeling 😀😀,positive
🤣🤣🤣,positive
just 😆,positive
feeling 👏,positive
just 🙌🙌🙌,positive
feeling 🙌🙌,positive
just 💛💛💛,positive
✨✨✨,positive
feeling 🤣,positive
just 👏👏,positive
feeling 🤩,positive
💯💯💯,positive
💯,positive
feeling 😆😆,positive
✨,positive
🤩🤩,positive
feeling 😃😃,positive
💛,positive
feeling 🙌,positive
just 🤩🤩🤩,positive
just 💚💚💚,positive
just 💜💜💜,positive
😃,positive
just 😀😀😀,positive
👍,positive
😍😍,positive
feeling 🥰🥰,positive
🙌🙌🙌,positive
feeling 💚💚💚,positive
just 😀,positive
🔥🔥🔥,positive
feeling ✨✨,positive
👍,positive
😇😇,positive
😊,positive
feeling ✨✨✨,positive
feeling 😇😇😇,positive
feeling 💪,positive
feeling 😆,positive
😀😀,positive
🎉🎉,positive
just 😄,positive
feeling 😃😃,positive
just 😎😎,positive
just ️️,positive
feeling 🥰🥰,positive
feeling 🎊,positive
feeling 😊,positive
just 🙂,positive
🔥,positive
👏,positive
just 💛,positive
feeling 😁😁,positive
feeling 😇😇,positive
feeling 🙂🙂,positive
just 😊😊😊,positive
just 😁😁😁,positive
feeling 🧡🧡🧡,positive
just 💪💪💪,positive
🤩,positive
💜,positive
just 😊😊😊,positive
feeling 😍,positive
feeling ️️️,positive
just 🎊🎊,positive
feeling 🎊🎊🎊,positive
just 🥳🥳🥳,positive
feeling 🎊🎊,positive
just 🥰🥰,positive
️️️,positive
feeling 😍,positive
just ❤❤❤,positive
feeling 🔥🔥,positive
just 🤩,positive
feeling 🙂,positive
😄,positive
feeling 💯💯💯,positive
feeling 🧡🧡🧡,positive
just 😁😁,positive
👍,positive
just 😊😊😊,positive
feeling 🤣🤣,positive
🎉,positive
💪,positive
just 🤣🤣,positive
just 🙌🙌,positive
🔥🔥,positive
😊😊,positive
just 😂😂😂,positive
❤,positive
feeling 😍😍😍,positive
just 💙,positive
🔥,positive
just 🙂,positive
feeling 💛,positive
just 🤩🤩🤩,positive
🙂🙂,positive
just 😀😀,positive
feeling 😎😎,positive
feeling 🤩🤩,positive
just 😄,positive
just 🔥🔥🔥,positive
just 🎉🎉🎉,positive
feeling ️️️,positive
just 😀😀😀,positive
feeling 🧡🧡🧡,positive
just 🤣🤣,positive
😊😊😊,positive
feeling 😂,positive
feeling 💙,positive
just 🙂,positive
just 💙,positive
feeling 😄😄,positive
feeling 🔥,positive
feeling 😄,positive
feeling 🧡🧡,positive
feeling 😆😆😆,positive
🎊🎊🎊,positive
😂😂,positive
feeling 🤣🤣🤣,positive
😀,positive
😊😊,positive
feeling 😎😎😎,positive
😆😆😆,positive
just 🙌🙌🙌,positive
🙂🙂🙂,positive
❤❤,positive
feeling 💜💜,positive
❤,positive
👍👍,positive
feeling 💛💛💛,positive
💪💪,positive
just 😊,positive
💜💜💜,positive
just 💯💯,positive
🤩,positive
😃😃,positive
just 🙌🙌,positive
just 🙌,positive
😄😄😄,positive
👍👍👍,positive
just 😄😄,positive
🙂🙂🙂,positive
just 👍,positive
feeling 💙💙💙,positive
🎊,positive
feeling 😎😎,positive
just 🔥🔥🔥,positive
feeling 😎😎,positive
just ️️️,positive
just 💪💪💪,positive
🎉🎉🎉,positive
🤩,positive
feeling 😊😊😊,positive
💛💛💛,positive
🥰🥰,positive
just ✨✨,positive
💜💜💜,positive
just 🧡🧡,positive
🥳,positive
😊,positive
💚,positive
😊😊,positive
feeling 😊,positive
💯💯,positive
✨,positive
💜💜,positive
just 🙂🙂🙂,positive
✨✨,positive
😇😇,positive
💜💜💜,positive
😎😎😎,positive
feeling 💙💙,positive
feeling 🥳🥳,positive
🧡,positive
just 🔥,positive
🙂,positive
feeling 😆😆,positive
feeling 💯💯💯,positive
feeling 👏,positive
just 💛💛,positive
feeling 😍😍😍,positive
💛💛,positive
just 🎊🎊🎊,positive
just 🎊,positive
✨✨,positive
just 🔥🔥🔥,positive
feeling ❤,positive
feeling 😆😆😆,positive
just ❤❤,positive
just 🤣🤣,positive
just 🙌🙌🙌,positive
just 🙂,positive
feeling 🧡🧡🧡,positive
😄😄,positive
😀😀,positive
🧡,positive
🙌🙌,positive
feeling 😎😎,positive
just 💛,positive
️,positive
just 😎😎,positive
feeling 💜💜,positive
just 😆😆,positive
just 😎,positive
just 🥰🥰,positive
💜,positive
feeling 🤣,positive
🙂🙂,positive
😍😍,positive
just 😎😎😎,positive
feeling 💪💪💪,positive
🙂🙂🙂,positive
😂😂😂,positive
just 👍👍,positive
feeling 💜💜💜,positive
just ✨,positive
just 😊😊😊,positive
🎊,positive
😍,positive
just ❤,positive
just 😃,positive
💛💛,positive
🧡🧡,positive
feeling 💚💚💚,positive
feeling 💪💪💪,positive
feeling 💜💜💜,positive
😁,positive
just 💙,positive
😊,positive
feeling 🙂🙂🙂,positive
🤣🤣🤣,positive
just 🎊🎊,positive
feeling 🎉,positive
feeling 😊😊,positive
just ❤❤❤,positive
just 🙌🙌,positive
💪💪💪,positive
just ️,positive
just 💪💪💪,positive
feeling ❤❤,positive
💪💪,positive
just ❤❤❤,positive
feeling 💙,positive
feeling 💜,positive
🙂,positive
feeling 💙💙💙,positive
just 🥳🥳🥳,positive
just 😀😀,positive
🥰,positive
just 🥰🥰🥰,positive
🥳,positive
just ️️,positive
️️,positive
just 😇😇😇,positive
😄😄😄,positive
feeling 🙌🙌🙌,positive
feeling 😎😎😎,positive
💪💪💪,positive
feeling 💚,positive
feeling ✨✨,positive
😀😀,positive
👏,positive
💙💙💙,positive
😁😁😁,positive
💯,positive
🎉🎉,positive
💪💪,positive
✨✨,positive
just ️️️,positive
feeling 😎😎😎,positive
feeling 🤩,positive
just 🎉,positive
🙂🙂,positive
just 💯,positive
feeling 😇😇,positive
just ️️️,positive
😊,positive
just 😆😆,positive
💛💛💛,positive
just 🎉,positive
just 😃😃,positive
feeling 💚💚💚,positive
just ❤❤,positive
😀😀,positive
💯💯💯,positive
just 💚💚,positive
just ️️,positive
🔥,positive
feeling 🙂🙂,positive
🔥🔥🔥,positive
feeling 🎉,positive
just 😊😊😊,positive
feeling 💚💚,positive
feeling 😂,positive
just 🙌,positive
just 😍😍,positive
feeling ✨✨,positive
just 😃😃,positive
feeling ✨,positive
just 😊😊,positive
just 😎😎😎,positive
just 😄,positive
feeling 💚💚💚,positive
feeling 🥳🥳🥳,positive
feeling 😃😃,positive
💯💯,positive
feeling 🙌🙌,positive
💜💜💜,positive
🎉,positive
feeling 😇😇😇,positive
feeling 💚,positive
just 🥳🥳,positive
feeling 🎊🎊🎊,positive
😃😃,positive
just 🤣,positive
💪💪💪,positive
just 🤩🤩🤩,positive
feeling 🥳🥳,positive
feeling 💜💜💜,positive
❤,positive
just 🥳🥳,positive
just ✨✨✨,positive
feeling 😇,positive
feeling 💛💛,positive
just 😁😁😁,positive
🙌🙌🙌,positive
just 💙,positive
feeling 😄,positive
feeling 😍,positive
feeling 🤩,positive
😂😂😂,positive
👏👏,positive
just 😍😍😍,positive
🧡🧡🧡,positive
😂😂😂,positive
feeling 😃😃😃,positive
🔥,positive
just 🙂🙂,positive
👍,positive
feeling 😆,positive
feeling ️️️,positive
❤❤,positive
feeling 🤩,positive
just 😇😇😇,positive
just 🔥,positive
just 😃,positive
feeling ✨✨✨,positive
feeling ️,positive
💙💙💙,positive
👍,positive
😇😇,positive
just 🙂,positive
😊😊,positive
just 😄😄😄,positive
🎊🎊🎊,positive
feeling 💪💪,positive
💙💙💙,positive
just 💜💜💜,positive
😀😀😀,positive
🎉🎉,positive
just 🎊,positive
🤩🤩,positive
just 💜💜💜,positive
💙,positive
feeling 👍👍👍,positive
just 🎉,positive
😁😁😁,positive
feeling 😇😇😇,positive
feeling 😍😍😍,positive
just 😎,positive
just 👍👍👍,positive
just 🎊🎊,positive
feeling ❤❤❤,positive
feeling 💯💯,positive
just 😆😆,positive
feeling 😍😍😍,positive
just 🤩🤩,positive
feeling 💙💙💙,positive
feeling 🤩🤩🤩,positive
just 🙂🙂,positive
just 😊😊😊,positive
feeling 🥳🥳,positive
feeling ❤❤,positive
😊😊,positive
feeling 😎😎,positive
feeling 🥳,positive
feeling 💪💪,positive
feeling 👏👏,positive
feeling ❤❤❤,positive
just 🙌,positive
feeling 💜💜,positive
️,positive
feeling 😎,positive
just 😊😊😊,positive
😂,positive
just ❤❤❤,positive
feeling 💛💛💛,positive
👏,positive
just 👏👏,positive
feeling 😂,positive
just ❤❤,positive
just 🥰🥰,positive
just 💙,positive
feeling 🧡,positive
feeling 💯,positive
feeling 😊,positive
feeling 😎😎,positive
😁😁,positive
😎,positive
🔥,positive
😁😁,positive
feeling 🎉🎉🎉,positive
just 💚💚,positive
🎉🎉,positive
😊😊,positive
feeling ❤,positive
just 😎😎,positive
feeling 💜,positive
just 🎊🎊🎊,positive
feeling 🤣🤣🤣,positive
just 👏👏,positive
just 😍😍,positive
😁😁,positive
feeling 😂😂😂,positive
🔥,positive
😇😇,positive
👏👏,positive
🔥🔥,positive
just 🤣,positive
😂😂,positive
😀,positive
feeling 😁😁,positive
🎉🎉,positive
😊😊,positive
just ✨,positive
feeling 🥰,positive
feeling 🤩🤩,positive
💜,positive
just 🤩🤩🤩,positive
feeling 🤣,positive
just 🎊🎊🎊,positive
just 🎉🎉🎉,positive
feeling 😇😇,positive
feeling 🎊🎊🎊,positive
feeling 😄😄😄,positive
just 🙂🙂,positive
💙💙💙,positive
just 👍👍,positive
😄😄,positive
feeling 🤩🤩,positive
🤩🤩🤩,positive
just ✨,positive
just 🎊🎊,positive
👍,positive
🙂🙂,positive
just 😄😄😄,positive
🔥🔥🔥,positive
✨,positive
🤩🤩🤩,positive
feeling ❤,positive
just 🎉🎉,positive
just 🧡🧡,positive
feeling 😃😃,positive
🤣🤣,positive
feeling 🧡🧡🧡,positive
feeling 👍👍,positive
feeling 😎😎😎,positive
😆,positive
😂😂😂,positive
feeling ✨✨✨,positive
😁,positive
feeling 😁,positive
😄😄,positive
just 😀,positive
feeling 💪💪,positive
👍,positive
feeling ❤❤❤,positive
just 👏👏👏,positive
feeling 🧡🧡,positive
feeling 👏👏👏,positive
😍😍,positive
feeling 😃😃😃,positive
just 🤩🤩🤩,positive
feeling 🙌🙌🙌,positive
just ❤❤❤,positive
just 😃😃,positive
just 😄😄,positive
just 😃😃😃,positive
🤣🤣,positive
just 💯💯💯,positive
just ️,positive
just 😃,positive
just 💪💪,positive
😆,positive
feeling 😂😂😂,positive
just 💙💙,positive
feeling 🎊🎊,positive
🤩🤩🤩,positive
just 🎉,positive
✨✨,positive
just 😎😎,positive
just 🎊🎊,positive
feeling 🎊,positive
just 🎊🎊🎊,positive
just 👏👏,positive
just 😀😀😀,positive
feeling 💯💯,positive
just 🤣🤣🤣,positive
feeling 😊,positive
👍👍,positive
just 🥰🥰🥰,positive
just 🎉🎉🎉,positive
🧡,positive
💙💙💙,positive
feeling 💪,positive
feeling ️️️,positive
just 🤩,positive
feeling 😍😍😍,positive
feeling 😃😃😃,positive
️️,positive
just 😀😀😀,positive
just 👍,positive
just 😃😃,positive
just 😁,positive
️️️,positive
🤣🤣,positive
feeling 💪,positive
just ❤,positive
just 💛💛💛,positive
feeling 💪💪💪,positive
just 😊😊,positive
just 😃,positive
🤩🤩,positive
just 🤣🤣🤣,positive
just 🥰🥰,positive
feeling ️️,positive
🥰🥰,positive
just 🥳,positive
😇,positive
just 😆,positive
feeling 🎉,positive
feeling ️️,positive
just 🥰🥰🥰,positive
just 😇😇😇,positive
💛💛💛,positive
feeling 💚💚💚,positive
feeling 🥰,positive
just 🙌🙌,positive
feeling 🤩🤩,positive
just ❤❤,positive
✨,positive
just 🎊🎊🎊,positive
👍,positive
😇,positive
feeling 😎😎😎,positive
🥰,positive
just 🤩🤩,positive
feeling 🤣🤣🤣,positive
🤣🤣🤣,positive
🤩🤩,positive
feeling 😃😃,positive
feeling 🙂,positive
just 😁,positive
️️,positive
🎊🎊🎊,positive
😂😂,positive
just ✨,positive
just 👏,positive
just 🙂,positive
just 👏👏👏,positive
feeling ✨✨✨,positive
just 😄😄,positive
just 💙💙💙,positive
❤❤,positive
just 😄,positive
just 😃,positive
feeling 😇,positive
feeling 😆😆😆,positive
just 😆😆,positive
feeling 😎😎,positive
just 😊😊😊,positive
😁😁,positive
just 😀😀😀,positive
😂,positive
just 😎😎😎,positive
❤❤,positive
🎉🎉🎉,positive
feeling 😇,positive
🙌🙌,positive
just 🔥🔥,positive
just ✨✨,positive
feeling ️️️,positive
just ️️,positive
feeling 😊😊😊,positive
feeling 😄,positive
feeling ️,positive
just 💛💛💛,positive
just 🔥🔥🔥,positive
feeling 😃😃,positive
just 🥰🥰,positive
just ✨✨✨,positive
💯💯💯,positive
feeling 💛,positive
feeling 💚💚,positive
feeling 🎊🎊,positive
😇😇,positive
just 💙,positive
feeling 💚,positive
feeling 🎉🎉,positive
feeling 💛💛,positive
👏👏👏,positive
🎊🎊,positive
😎😎,positive
feeling 🥰,positive
feeling 😆😆,positive
feeling 💛💛💛,positive
💜💜💜,positive
just ✨✨,positive
just 🧡🧡,positive
feeling 🎉🎉🎉,positive
feeling 😇😇,positive
just 😃,positive
just 😂😂😂,positive
feeling 😊😊😊,positive
feeling 🥰,positive
💪,positive
feeling 😃,positive
🙌🙌🙌,positive
🎉,positive
feeling 💯,positive
😊,positive
just 😄😄😄,positive
feeling 😍😍😍,positive
feeling 💪💪💪,positive
just ✨✨✨,positive
🤣🤣🤣,positive
feeling ️️️,positive
just 🤣🤣,positive
just 🥳🥳,positive
just 💛💛,positive
just 🤣🤣,positive
feeling 😎😎😎,positive
feeling 💪💪💪,positive
🤩,positive
👏👏👏,positive
💜,positive
just 😇,positive
just 😆😆😆,positive
just 😎😎,positive
❤❤❤,positive
feeling 🎊🎊,positive
just ❤❤❤,positive
feeling 😇,positive
🙌🙌,positive
feeling 😍😍,positive
🙂,positive
feeling 🙂🙂,positive
just 😄😄,positive
🔥🔥,positive
feeling 😆,positive
🔥🔥🔥,positive
feeling 😍,positive
💚,positive
💙💙💙,positive
feeling ✨,positive
feeling 😊😊😊,positive
🤣,positive
feeling 💚💚,positive
feeling 👏👏,positive
feeling 🥳🥳,positive
feeling 😆😆,positive
💛💛,positive
feeling 🧡🧡,positive
🥰🥰🥰,positive
just 🥰🥰,positive
feeling 🙂,positive
feeling 🥰🥰,positive
feeling 🥳🥳🥳,positive
just 💪💪💪,positive
feeling 😆😆,positive
🤩,positive
just 🔥🔥,positive
💪,positive
feeling 👏👏,positive
just 😊,positive
👏👏👏,positive
just 😆😆,positive
💪,positive
🎉,positive
feeling 😆😆😆,positive
feeling 🙌🙌🙌,positive
🎊,positive
just 😄😄,positive
feeling 😊😊😊,positive
🤩🤩🤩,positive
❤❤,positive
😁,positive
🔥,positive
feeling 😇,positive
👍👍,positive
👍👍,positive
feeling 👏,positive
just 🤣,positive
feeling 🙂,positive
feeling 😀😀😀,positive
feeling 👏,positive
just 🙌🙌🙌,positive
feeling 😎😎,positive
😎😎,positive
just 🥰🥰🥰,positive
feeling 😆😆,positive
❤❤,positive
😎😎😎,positive
💛💛💛,positive
just 😃😃,positive
feeling 😂😂,positive
just 🤩🤩,positive
feeling 😀,positive
😎😎😎,positive
feeling 👍,positive
just 🎉,positive
just 😃😃😃,positive
💜,positive
just 👍👍,positive
feeling 💜💜,positive
feeling 💪💪💪,positive
feeling 💛💛,positive
️,positive
💯💯💯,positive
feeling ️,positive
just 😂,positive
feeling 🎉🎉,positive
feeling 💜💜💜,positive
just ❤❤❤,positive
just 🧡,positive
💚💚,positive
just 🙂🙂,positive
just 👍👍👍,positive
😄,positive
🥳🥳🥳,positive
😄😄,positive
feeling 😄😄😄,positive
feeling ❤❤,positive
💪,positive
🎊🎊🎊,positive
✨✨✨,positive
feeling 😄😄😄,positive
feeling 👏👏,positive
feeling 🔥,positive
feeling 🥰🥰,positive
feeling ❤,positive
feeling 👏👏👏,positive
😀😀😀,positive
just 😆,positive
feeling 🧡🧡🧡,positive
️️️,positive
💪💪💪,positive
feeling ️️,positive
feeling 🤩🤩,positive
just ❤❤❤,positive
just 😆,positive
feeling 🥳🥳,positive
feeling 🙌🙌🙌,positive
just 😇😇😇,positive
😆,positive
just 🤩🤩,positive
feeling 💚,positive
feeling 😍😍😍,positive
feeling 💚💚,positive
🧡,positive
feeling 💪,positive
feeling 😁😁,positive
feeling 💛,positive
just 🤩🤩🤩,positive
👍👍,positive
feeling 😇,positive
😁😁😁,positive
feeling 😀😀😀,positive
❤❤❤,positive
just 🎊🎊,positive
just 😃😃😃,positive
just 💪,positive
😊,positive
😆😆,positive
feeling ️️,positive
feeling 💛💛💛,positive
💙💙,positive
🙂,positive
🔥🔥,positive
🎊🎊,positive
🙌🙌,positive
feeling 👍,positive
just ️️️,positive
just ️️,positive
😊😊,positive
feeling ️️️,positive
😎,positive
😆😆,positive
💛💛💛,positive
just 😆,positive
😂,positive
just 💜💜,positive
feeling 🙂,positive
just 😂😂😂,positive
😆😆,positive
just 🎉,positive
feeling ️️️,positive
feeling ❤❤❤,positive
feeling ❤❤❤,positive
feeling 😍😍😍,positive
feeling 🤣,positive
feeling 🥳🥳,positive
🎉🎉🎉,positive
just 😎,positive
feeling 🤣,positive
feeling 😀😀😀,positive
feeling 💯💯,positive
feeling 😆😆,positive
just 💪,positive
just 🙌,positive
feeling 😁😁,positive
🤣🤣🤣,positive
just 😃😃,positive
just 💜,positive
feeling ✨✨✨,positive
😎😎,positive
😁😁,positive
💪💪,positive
just ️,positive
feeling 😊😊😊,positive
feeling 🔥🔥🔥,positive
feeling 😄,positive
😃😃😃,positive
just 😇,positive
feeling 💯💯💯,positive
just 😂,positive
🥳🥳,positive
feeling 😄😄,positive
feeling 🥳,positive
just 😃😃😃,positive
feeling 💪💪💪,positive
💙💙,positive
just 😆,positive
just 🎊🎊,positive
🔥,positive
feeling 😎😎😎,positive
just 👏,positive
feeling 🙌,positive
just 😃😃😃,positive
😇😇😇,positive
just 💚💚,positive
😃😃,positive
just 🎉🎉🎉,positive
just 😂😂,positive
feeling 😆😆,positive
just 💪💪,positive
feeling 😊😊,positive
feeling 😊😊,positive
feeling 🎊,positive
feeling 🤩,positive
💚💚,positive
feeling 💛,positive
just 🤩,positive
🤩🤩🤩,positive
feeling 🤣🤣🤣,positive
feeling 💙💙💙,positive
just ️️,positive
💛💛,positive
🙌,positive
feeling 💜💜💜,positive
feeling ️️,positive
🥰,positive
just 🤩,positive
just 😍,positive
💚💚💚,positive
😊😊😊,positive
feeling 🤣🤣🤣,positive
🥰🥰🥰,positive
feeling 🧡,positive
👍,positive
just 💚💚💚,positive
🙌🙌,positive
😂😂,positive
just 👏👏👏,positive
just 💯💯,positive
just 🤩,positive
feeling 🙂,positive
feeling 💛,positive
feeling 😆😆,positive
feeling 👍👍👍,positive
just 🙌,positive
️️️,positive
😊,positive
feeling 😁😁😁,positive
🥳,positive
💜💜💜,positive
😎,positive
😆😆😆,positive
feeling 🔥🔥🔥,positive
feeling 😍😍,positive
🎉🎉,positive
feeling 🎉🎉,positive
😀😀😀,positive
just 💯💯💯,positive
just 😀,positive
feeling 🔥🔥,positive
👏👏👏,positive
feeling 😄😄,positive
feeling 😍,positive
✨✨✨,positive
😊😊,positive
just 🙌🙌,positive
🤩🤩🤩,positive
just ❤❤❤,positive
just 😍😍,positive
️️,positive
feeling 🎊🎊,positive
feeling ️️,positive
👏👏👏,positive
just 👏👏👏,positive
feeling 😂,positive
just 💚💚,positive
feeling 😆,positive
feeling 😄,positive
just 😀😀,positive
just 😄,positive
feeling 😇,positive
feeling 👏👏👏,positive
😀,positive
feeling 😎😎,positive
just 💪,positive
just 💜💜💜,positive
✨✨,positive
just 😄,positive
just 💙,positive
just 🥰🥰,positive
feeling 💯💯💯,positive
feeling 🎉,positive
just 💯💯,positive
just 🤩,positive
just 😍😍😍,positive
just 😁😁😁,positive
😎😎,positive
feeling 😄😄,positive
🤣🤣,positive
🎉🎉🎉,positive
✨,positive
💪,positive
just 💚💚,positive
just 😍😍😍,positive
just ❤❤,positive
just 😂😂,positive
just 💛💛💛,positive
🎊🎊🎊,positive
feeling 👏,positive
feeling 🥳🥳,positive
feeling 😍😍,positive
😇,positive
just 😀😀😀,positive
👏,positive
feeling 😃😃,positive
just 👍👍👍,positive
💯💯,positive
🤣🤣🤣,positive
feeling 🥰🥰🥰,positive
feeling 🎉🎉,positive
feeling 😂😂😂,positive
feeling 💚💚,positive
just 😍😍,positive
just ️,positive
feeling 🤣🤣,positive
just 😁,positive
💛💛💛,positive
feeling 🙂,positive
😍😍,positive
just 😆😆😆,positive
feeling 🔥,positive
just 🙂,positive
just 💜,positive
👏👏,positive
just 🙌,positive
just 💜💜,positive
feeling 😎😎,positive
feeling 🤩,positive
😀😀,positive
just 😁😁,positive
feeling 😊,positive
😊😊😊,positive
feeling 🙌🙌🙌,positive
🙌🙌🙌,positive
feeling 💜,positive
😁😁😁,positive
feeling 😄😄😄,positive
just 😃,positive
😄,positive
feeling 🙂,positive
feeling ️️,positive
feeling 😊😊,positive
feeling 😃😃😃,positive
🥳🥳,positive
feeling 😍😍😍,positive
😂😂😂,positive
just 😀😀,positive
feeling 🎉🎉🎉,positive
feeling ❤,positive
feeling 😄😄,positive
feeling 😄😄,positive
just 👏👏,positive
just 💪,positive
just 😆😆,positive
feeling 🤩🤩,positive
just 🙂🙂,positive
feeling 🧡🧡🧡,positive
👍,positive
feeling 💪,positive
feeling 👍,positive
️,positive
feeling 💯💯,positive
🥰🥰🥰,positive
just 😃,positive
💛,positive
just 😀😀😀,positive
feeling 😎😎😎,positive
feeling 🔥🔥,positive
💚💚💚,positive
just ❤❤❤,positive
just 😄😄,positive
just 🙂🙂,positive
😃,positive
feeling 💚💚💚,positive
feeling 😂😂,positive
😃😃,positive
feeling 💛,positive
just 💙💙,positive
💯,positive
just 🤩🤩🤩,positive
🥰🥰🥰,positive
feeling 🙌,positive
feeling 👏,positive
just 💯💯,positive
just 😍😍,positive
feeling 🤩🤩,positive
just 🥰🥰🥰,positive
just 👏👏,positive
😆,positive
feeling 👍👍👍,positive
just 😆😆😆,positive
💙💙,positive
just 😍,positive
just 💜,positive
😆😆,positive
just 💯💯,positive
feeling 🤩🤩🤩,positive
🙌🙌,positive
just 🥳🥳🥳,positive
🧡🧡,positive
just ️️️,positive
feeling 😀😀,positive
just ❤,positive
😃,positive
🧡🧡🧡,positive
just 🤩🤩,positive
feeling ❤,positive
💙,positive
feeling 💙💙💙,positive
🤣,positive
😍,positive
😂,positive
just ️️️,positive
feeling 😀,positive
👍👍,positive
feeling 😍😍😍,positive
just 🥰🥰,positive
feeling 🤩🤩,positive
feeling 🔥🔥,positive
feeling 😀,positive
feeling 💛,positive
💜💜,positive
just 🎊🎊🎊,positive
just 🎉,positive
just 😇,positive
just 🎉🎉🎉,positive
just 😀😀😀,positive
feeling 💯💯💯,positive
feeling 🧡,positive
just 💪,positive
feeling 🙂,positive
just 😄😄,positive
😄😄,positive
feeling ❤❤,positive
😍😍,positive
🔥🔥,positive
just 😃😃😃,positive
just 💪💪💪,positive
feeling 🤩🤩🤩,positive
🤣🤣🤣,positive
just 😁😁,positive
just ❤,positive
just 😂😂,positive
😃😃😃,positive
🙌🙌🙌,positive
🤩🤩🤩,positive
feeling ️️️,positive
feeling 🤩🤩🤩,positive
feeling 💚,positive
😊😊😊,positive
feeling 🥳🥳,positive
just 😇😇,positive
just 💯,positive
just 🥰,positive
feeling 😂😂😂,positive
😆😆,positive
just 🔥🔥🔥,positive
❤❤,positive
just 💪💪,positive
just 😊,positive
🎉🎉🎉,positive
feeling 🤣🤣🤣,positive
just 😍,positive
just 👏👏,positive
💙💙💙,positive
feeling 🙂🙂,positive
😄,positive
just 😊😊,positive
feeling 🔥🔥,positive
feeling ❤❤❤,positive
just 💪💪💪,positive
just 💯💯,positive
feeling 🤩🤩,positive
just 🙂,positive
feeling 😀😀,positive
feeling 🔥,positive
👏👏👏,positive
just 🥳🥳,positive
💚💚,positive
🤣🤣🤣,positive
feeling ✨,positive
feeling 😂😂😂,positive
💚,positive
feeling 😎😎,positive
💛💛,positive
️️️,positive
just ️️,positive
just 💛💛💛,positive
feeling 🤣🤣,positive
feeling 🎊🎊,positive
😀,positive
just 🧡🧡,positive
😁,positive
😄😄😄,positive
🎉🎉🎉,positive
feeling 💪💪,positive
feeling 🎉🎉,positive
just 🙂,positive
just 💜,positive
feeling 😁,positive
feeling 😍😍😍,positive
just 😃😃😃,positive
just 😁,positive
💛,positive
️️️,positive
feeling 💛,positive
feeling 🥰🥰🥰,positive
💛💛,positive
just ✨,positive
💪💪💪,positive
🙌🙌🙌,positive
feeling 💪💪,positive
feeling 💙💙,positive
😀😀,positive
feeling 🥰,positive
😁😁,positive
✨,positive
just 😄😄😄,positive
just 💛💛💛,positive
👏👏👏,positive
👏👏👏,positive
just 💛💛💛,positive
just 👏,positive
just 💛,positive
just 💯,positive
just 🙂🙂,positive
🔥🔥🔥,positive
just 😍,positive
just 😃😃,positive
💙💙,positive
just 😍😍,positive
just ️,positive
😁😁😁,positive
feeling 😂,positive
just 🧡🧡🧡,positive
🥳🥳,positive
just 💙,positive
feeling 🥰🥰🥰,positive
🤣🤣🤣,positive
😄,positive
😄😄,positive
feeling 👍👍👍,positive
feeling 😃😃,positive
feeling 🙂,positive
feeling ✨✨✨,positive
👏,positive
just 🧡,positive
just 👏👏,positive
😎,positive
feeling 🤩🤩🤩,positive
just 💪💪,positive
just 😍,positive
just 😀😀😀,positive
😇😇,positive
feeling 💯💯,positive
feeling 👍👍,positive
feeling 💪💪,positive
just 😆😆😆,positive
🥰🥰,positive
feeling 💙💙,positive
feeling 🎉🎉,positive
just ❤,positive
just 🎉,positive
feeling 🤩🤩,positive
just 🔥🔥🔥,positive
😂😂😂,positive
just 👏👏👏,positive
feeling 🎉🎉,positive
just 🧡🧡,positive
😃😃,positive
just 🧡🧡🧡,positive
😎😎😎,positive
😁,positive
just 💛,positive
feeling 🙂🙂,positive
😁😁😁,positive
🙂🙂,positive
just 🧡🧡,positive
feeling 👏👏👏,positive
just 👏,positive
feeling 💛💛,positive
just 🙂,positive
🙂,positive
just 💛,positive
feeling 💜,positive
✨,positive
feeling 😀😀😀,positive
🤩🤩🤩,positive
feeling 😇😇,positive
🔥,positive
just 😎,positive
😎,positive
🥳,positive
💪💪,positive
just 😇😇,positive
feeling 😂,positive
just 👏,positive
😁😁,positive
feeling 😁😁,positive
just 😂😂,positive
just 😂😂,positive
😊😊,positive
feeling 🙂🙂🙂,positive
just 😍😍,positive
feeling 😄😄😄,positive
just 😍😍😍,positive
feeling 🧡🧡🧡,positive
just 😊😊😊,positive
feeling 😇,positive
feeling 💯💯,positive
😂😂,positive
🥰🥰🥰,positive
🧡🧡,positive
just 😂,positive
feeling 😇😇,positive
feeling 🤣🤣🤣,positive
💚,positive
👏👏,positive
just 😀😀,positive
feeling 😁,positive
just 😍,positive
feeling 💜,positive
just ✨✨,positive
just 🧡🧡,positive
😃😃😃,positive
feeling 💙💙💙,positive
just 🥳🥳🥳,positive
feeling ❤❤❤,positive
feeling 😊😊😊,positive
just 😃😃,positive
👏,positive
👍👍,positive
feeling 😆,positive
😀😀,positive
️,positive
feeling 😄😄,positive
just 😀,positive
just 🙂🙂🙂,positive
feeling 😁😁😁,positive
😁😁😁,positive
just ❤❤,positive
🙌🙌,positive
🙂,positive
just 😁😁😁,positive
🤩🤩,positive
feeling 🤩🤩🤩,positive
feeling 🎊🎊🎊,positive
🙌,positive
😄,positive
feeling 😇😇,positive
just 🤣,positive
feeling 🥳🥳🥳,positive
feeling 💪,positive
😆,positive
just 😍😍,positive
just 🧡🧡,positive
just 😎😎😎,positive
feeling 😃😃😃,positive
😃,positive
feeling 😎,positive
just 🔥🔥🔥,positive
😂😂😂,positive
🥰🥰,positive
🔥,positive
🙂,positive
just 💙💙,positive
feeling 🤣,positive
just 😆😆😆,positive
🙂🙂🙂,positive
🥰🥰🥰,positive
just 💪💪💪,positive
just 😎,positive
feeling 💚💚,positive
feeling 💚💚,positive
just 💜💜,positive
just 💜,positive
feeling 😆😆😆,positive
️️,positive
feeling 😄,positive
just 🙂🙂,positive
just 👍👍👍,positive
😃😃,positive
feeling 😃,positive
feeling 😇😇😇,positive
just 🙌🙌,positive
💙💙💙,positive
😂😂,positive
🎉,positive
just 💛💛💛,positive
feeling 🎊🎊🎊,positive
😆😆😆,positive
just 🧡🧡,positive
😄😄😄,positive
just 💚💚,positive
feeling 😆😆,positive
just 🥰,positive
feeling 😍,positive
🔥,positive
💪💪💪,positive
just 🙂🙂🙂,positive
just 😄😄,positive
just 😄,positive
feeling 🤩🤩🤩,positive
just 🙌,positive
feeling 😄,positive
just 👍👍👍,positive
feeling 🤣🤣🤣,positive
just 😂,positive
feeling 😀😀,positive
😄😄,positive
🔥🔥,positive
feeling 🎉🎉,positive
😎😎😎,positive
just 🔥🔥🔥,positive
feeling 🙌🙌🙌,positive
just 😁😁😁,positive
just 😍😍😍,positive
feeling 😄😄😄,positive
just 💪💪,positive
just 😆😆,positive
just 👏,positive
just 🙌,positive
🤩,positive
feeling 😍😍,positive
feeling 😆😆😆,positive
✨✨✨,positive
😆😆,positive
🔥🔥,positive
just 🤣🤣🤣,positive
🎉,positive
just 😊😊,positive
😊😊,positive
😀😀,positive
🥰🥰🥰,positive
just ✨,positive
❤,positive
feeling 💚💚,positive
🧡🧡,positive
🎉🎉🎉,positive
just 💙,positive
🙌,positive
😇😇😇,positive
feeling 🥳,positive
feeling 🧡,positive
just 🤣,positive
feeling 👏,positive
just 💜💜,positive
😇😇,positive
feeling 😇😇😇,positive
feeling 😃😃,positive
feeling 😆,positive
just 🧡,positive
just 😎😎,positive
feeling 😄,positive
just 😆😆,positive
😂,positive
😊😊,positive
feeling ️,positive
just 👍,positive
just 👍,positive
🤩🤩,positive
feeling 🤣🤣,positive
just 🎊🎊🎊,positive
feeling ️️,positive
feeling 🧡🧡🧡,positive
feeling ✨✨,positive
just 😎,positive
🧡,positive
just 🙂🙂,positive
🤣,positive
just 🎉,positive
💪,positive
💛💛,positive
just 🔥🔥🔥,positive
feeling 👏👏👏,positive
feeling 😂,positive
just 💚💚,positive
😇😇😇,positive
🎊🎊🎊,positive
just 🤣🤣🤣,positive
just 👍👍👍,positive
just 💚💚💚,positive
🙂🙂🙂,positive
feeling 😇😇,positive
feeling 🎉🎉,positive
feeling 😆😆,positive
just 🥳🥳,positive
💛💛,positive
just ️️,positive
feeling ❤,positive
feeling 😎😎😎,positive
just ❤❤,positive
just 😍😍,positive
just 😇😇,positive
🔥🔥,positive
feeling 🧡🧡🧡,positive
feeling 🥳🥳🥳,positive
just 💙💙,positive
👍👍,positive
just 😊😊😊,positive
feeling 😆😆,positive
feeling 💙,positive
just 🔥🔥,positive
feeling 💛💛💛,positive
just 🤣,positive
just 🙌,positive
just 😇,positive
😁😁,positive
😇,positive
👏👏👏,positive
just 💯,positive
just 🤩,positive
👍,positive
just 😀😀,positive
just 😁,positive
feeling 👍👍,positive
just 🎉,positive
feeling 😂😂😂,positive
feeling 💚💚,positive
🤩🤩,positive
just 🔥🔥🔥,positive
feeling 😄😄😄,positive
just 😇😇,positive
feeling 😎,positive
feeling 😂😂😂,positive
feeling 🎉🎉🎉,positive
😁😁😁,positive
feeling 😆,positive
just 😂😂,positive
feeling 💯💯,positive
👍👍,positive
just 🥳,positive
just 😆,positive
😄😄,positive
feeling 👏👏,positive
feeling 😀😀,positive
feeling 💜💜,positive
feeling 🎊🎊,positive
feeling 😃😃😃,positive
😎😎😎,positive
🙌🙌🙌,positive
just 😁😁,positive
✨,positive
💛💛,positive
just 🥳🥳,positive
just 😂😂😂,positive
just 💪💪,positive
😂😂,positive
😊😊😊,positive
just 😃,positive
feeling 😂,positive
just 🔥🔥,positive
feeling ✨✨,positive
feeling 🤣🤣,positive
feeling 😇😇😇,positive
💙,positive
feeling 💚💚💚,positive
😇😇,positive
feeling 💙💙,positive
just 💜💜💜,positive
feeling 👍👍,positive
feeling 😇,positive
just 😃,positive
feeling 🔥🔥,positive
just 😂,positive
💛💛💛,positive
just 🤩🤩,positive
💛💛💛,positive
😄😄😄,positive
just 🎊🎊🎊,positive
just 🙌🙌,positive
💛💛,positive
🔥,positive
feeling 👏👏👏,positive
just 😊,positive
💛💛💛,positive
feeling 💚💚💚,positive
just 🎉🎉🎉,positive
just 🙌,positive
💯💯,positive
just 🎊🎊🎊,positive
just 😆😆,positive
🧡🧡,positive
just 😍😍,positive
feeling 😃😃,positive
just 😎😎,positive
feeling 🥳🥳🥳,positive
💜💜💜,positive
just 💯💯💯,positive
💚💚,positive
just 😁😁😁,positive
🔥🔥🔥,positive
just ️️,positive
😃😃😃,positive
just 😄,positive
feeling 🥳🥳,positive
just 💪,positive
✨✨,positive
feeling 🤣,positive
💛💛,positive
feeling 😃😃,positive
😁😁😁,positive
😁😁😁,positive
😆😆,positive
just 💚💚,positive
feeling 👍👍,positive
just 🔥🔥,positive
feeling 🤣,positive
feeling 😁😁,positive
🎉,positive
just 🥰🥰,positive
just 💜💜💜,positive
feeling 💯💯,positive
just 😎😎😎,positive
just 😍,positive
😇😇😇,positive
just 😇,positive
just 💛,positive
feeling 🔥,positive
just 🎊🎊,positive
🎊🎊,positive
just 🎉,positive
feeling 😄😄,positive
feeling 😊😊,positive
just 😍😍,positive
feeling 💪,positive
💜💜,positive
😂😂,positive
✨✨✨,positive
just 😂😂,positive
👏👏,positive
just 🧡,positive
just 😃,positive
🤩🤩,positive
just 👏,positive
😀😀😀,positive
feeling 🤩🤩🤩,positive
just 🤩,positive
💜💜,positive
feeling 🧡,positive
just 🙌,positive
feeling 😍,positive
feeling 💪💪,positive
😁,positive
🧡🧡🧡,positive
just 🔥,positive
just 😇😇,positive
just ✨✨,positive
feeling 🤣🤣🤣,positive
just 💜,positive
feeling 😁,positive
just 🥳🥳,positive
feeling 😀,positive
👍👍👍,positive
feeling 💪💪💪,positive
😂,positive
just 🙌🙌,positive
just 🙌,positive
just ️️️,positive
just 😊,positive
👍,positive
feeling 😃,positive
just 💯💯,positive
just 👍,positive
just 👍👍👍,positive
just 😀😀😀,positive
feeling ❤❤,positive
just 😍,positive
🥰🥰🥰,positive
just 🎉🎉,positive
🎉🎉🎉,positive
feeling 🥳🥳🥳,positive
😁😁😁,positive
🙌,positive
just 🤩🤩🤩,positive
🤩🤩,positive
feeling 💙💙,positive
just 😂,positive
😁😁😁,positive
just 🧡🧡,positive
feeling 💯💯💯,positive
🧡🧡🧡,positive
feeling 💙💙💙,positive
😇😇,positive
💜💜,positive
just 🙂🙂🙂,positive
just 🎊,positive
just 😎😎😎,positive
feeling 😆😆,positive
feeling 🤣🤣,positive
just 💪,positive
😍😍,positive
just 👍👍,positive
just 😎,positive
just 🙌🙌🙌,positive
just 😊😊😊,positive
just 🤩🤩,positive
💙💙💙,positive
💯,positive
just 🥰🥰,positive
✨✨✨,positive
just 💯💯💯,positive
🥳🥳🥳,positive
🙂🙂,positive
just 😎,positive
feeling 😀,positive
just 💯💯💯,positive
just 🎉🎉,positive
feeling 💜💜,positive
💪💪💪,positive
🤣,positive
🙂🙂,positive
😃,positive
🤩🤩🤩,positive
feeling ️,positive
💜💜💜,positive
feeling 👏👏👏,positive
feeling 🙂,positive
just 🔥🔥,positive
feeling 💛💛,positive
feeling 😀,positive
🙂🙂🙂,positive
❤❤❤,positive
feeling ❤,positive
just 😊😊,positive
just 😎,positive
feeling 💚,positive
💙💙,positive
just 🙌,positive
feeling 💚,positive
feeling 😇😇,positive
😎,positive
❤,positive
feeling 🧡,positive
feeling 🙂,positive
feeling 😊😊,positive
feeling 🤣,positive
just 🤩🤩🤩,positive
just 🙌,positive
🙌🙌,positive
feeling 😃😃😃,positive
💛💛💛,positive
🎉🎉🎉,positive
feeling 😊😊,positive
just 👏👏👏,positive
feeling 🤣🤣,positive
😊,positive
just 🤣,positive
just 🔥🔥,positive
just 💚💚,positive
feeling 💙💙,positive
feeling 💪,positive
feeling 😊,positive
😊,positive
just 🤣,positive
😊,positive
🙂🙂,positive
💚,positive
feeling 😊😊😊,positive
feeling 💜💜,positive
just 😄😄,positive
feeling 🙌🙌,positive
💛💛💛,positive
just 🙌🙌🙌,positive
️️️,positive
feeling 😊😊😊,positive
feeling 😍😍😍,positive
just 😀,positive
feeling ❤❤,positive
feeling 😄😄😄,positive
just 🙂🙂,positive
😇,positive
just 🎉🎉🎉,positive
🙂🙂🙂,positive
just 💙💙💙,positive
just 🙂🙂🙂,positive
feeling 💜,positive
🔥🔥🔥,positive
feeling 😄,positive
just 👍👍,positive
just 💪💪,positive
😍,positive
feeling 😍😍,positive
feeling 💛,positive
feeling 🥳,positive
just 😇,positive
🧡🧡🧡,positive
feeling 🙂,positive
😍😍,positive
💪💪,positive
just 😍,positive
feeling 👍,positive
feeling 🙂,positive
🧡🧡🧡,positive
feeling 🎉🎉🎉,positive
feeling 😇,positive
feeling 😎,positive
just 😄😄😄,positive
😃😃,positive
feeling 🧡🧡🧡,positive
just 🤩🤩,positive
feeling ️,positive
😁😁,positive
💛💛💛,positive
just 😎😎😎,positive
🤣🤣🤣,positive
✨✨,positive
✨✨✨,positive
🧡,positive
just 🙌🙌🙌,positive
feeling 👍,positive
feeling ❤❤,positive
just 😎,positive
😊,positive
💙💙💙,positive
feeling 🤣🤣🤣,positive
feeling 😃,positive
🧡🧡🧡,positive
💪💪💪,positive
😂,positive
✨✨✨,positive
feeling 😍,positive
✨✨,positive
😆😆😆,positive
feeling 🎉,positive
feeling 🥳,positive
feeling 💪,positive
just 😎,positive
🤩,positive
just 🎉,positive
😄😄,positive
feeling 😊😊,positive
feeling 👏👏,positive
just ✨✨,positive
just ️,positive
just 😂,positive
feeling 🤣🤣🤣,positive
🥰🥰🥰,positive
feeling 😆😆😆,positive
feeling 👏👏,positive
🧡🧡,positive
feeling ❤❤,positive
🤣🤣🤣,positive
👏👏,positive
🎊🎊🎊,positive
🧡,positive
feeling 💙💙💙,positive
just 💪💪,positive
feeling 🥳🥳🥳,positive
just 💛,positive
😄😄😄,positive
feeling 😍😍,positive
feeling 🧡🧡,positive
feeling 😍,positive
just 😎😎,positive
🥰🥰🥰,positive
💚💚,positive
🔥,positive
just 🥰,positive
😂😂,positive
feeling 🔥🔥,positive
✨,positive
just 🤣🤣🤣,positive
just 💙💙,positive
👍👍👍,positive
🔥,positive
feeling 😀,positive
feeling 🎉,positive
feeling 🎊🎊,positive
✨✨✨,positive
🤣🤣,positive
just 😎😎😎,positive
just 💙💙,positive
just 🤩🤩🤩,positive
🥰🥰,positive
just 💯💯,positive
feeling 🤩🤩,positive
🥰🥰🥰,positive
just 👏👏👏,positive
feeling 😀,positive
just ✨✨,positive
feeling 💛💛💛,positive
feeling 💚💚💚,positive
feeling ✨,positive
just 💜,positive
feeling 🥰🥰🥰,positive
️,positive
💜💜💜,positive
🤣🤣,positive
just 🔥,positive
just 💪💪,positive
just 😄,positive
just 💙💙💙,positive
😁😁😁,positive
just 🧡🧡,positive
feeling 🤣,positive
just 💜,positive
feeling 😃,positive
feeling 👍👍,positive
just 😄😄,positive
feeling 🥳🥳,positive
👍👍,positive
🥰🥰,positive
just 👏👏,positive
💜,positive
just 😊,positive
just 💜,positive
just 💯💯💯,positive
😆😆,positive
just 💚,positive
😀😀,positive
feeling 😎😎😎,positive
just 😀😀,positive
🙌,positive
just 🙌🙌🙌,positive
🎊,positive
feeling 🙂,positive
just 💯,positive
💚,positive
feeling 🤣,positive
just 💪,positive
😇😇😇,positive
👍👍👍,positive
feeling 👏👏,positive
just 🙂,positive
🤣🤣,positive
👏👏,positive
just ️,positive
😆😆,positive
😄😄,positive
😄😄,positive
😆😆😆,positive
❤❤,positive
🙂🙂,positive
😇😇,positive
💪💪,positive
just 🙌🙌,positive
just 🧡,positive
just 😊,positive
feeling 🧡,positive
feeling 💜💜,positive
just 😃😃,positive
🔥,positive
just ✨,positive
✨,positive
just 🔥🔥,positive
👍👍👍,positive
🔥,positive
just 😃😃😃,positive
just 😂😂😂,positive
just ✨✨✨,positive
feeling 😁😁,positive
feeling 🥰,positive
🎊🎊🎊,positive
feeling 😁😁😁,positive
just 👏👏👏,positive
feeling 😊😊😊,positive
feeling ❤,positive
💚,positive
🎉🎉,positive
🥰,positive
️️,positive
feeling 😊😊,positive
️,positive
just 💜💜,positive
just 💜💜,positive
feeling 🙌,positive
just ❤,positive
just 😃😃,positive
👏,positive
just 💪💪,positive
💯,positive
💪💪💪,positive
just 💙💙💙,positive
feeling 😀😀,positive
💯💯,positive
❤❤❤,positive
😁😁😁,positive
feeling 🎉🎉,positive
just 😁😁,positive
feeling 💙💙,positive
😀,positive
just 😃😃😃,positive
feeling 😃😃,positive
🎊,positive
just 🤣🤣🤣,positive
feeling ️️,positive
👍👍👍,positive
feeling 👏,positive
😁😁😁,positive
feeling 😇😇😇,positive
😀😀,positive
just 💛,positive
️,positive
feeling 😄,positive
feeling 😃,positive
😁😁,positive
feeling 😃😃😃,positive
just 💚💚,positive
feeling ️️,positive
just 🎉🎉🎉,positive
🥰,positive
just ️,positive
just 😊,positive
feeling 😎😎,positive
😀😀,positive
just 😃😃😃,positive
feeling 🔥🔥,positive
🎉🎉,positive
just 😆😆,positive
feeling 💙,positive
😆😆😆,positive
feeling 😆,positive
🥰🥰,positive
😂😂😂,positive
💜💜,positive
🧡🧡,positive
feeling 😁😁,positive
just 😀,positive
🎊,positive
😄😄😄,positive
just 💜💜💜,positive
😃,positive
feeling 😆😆,positive
just 💜💜💜,positive
just ️️,positive
feeling 💜,positive
just 🙌,positive
feeling ✨✨,positive
👏,positive
just 💜💜💜,positive
just ✨✨,positive
feeling 😃😃,positive
🙌🙌,positive
feeling 😇😇😇,positive
💯,positive
just 🙂🙂,positive
💪💪💪,positive
💛💛💛,positive
️️,positive
just 🥳🥳🥳,positive
feeling 💯💯,positive
just 💚💚,positive
just 🎉,positive
😆,positive
👏👏👏,positive
just 💜💜💜,positive
🥰🥰,positive
🙌🙌,positive
feeling 💙💙,positive
🎊,positive
😍,positive
😆😆😆,positive
feeling 😂,positive
just 🎊,positive
👍👍👍,positive
😃,positive
😍😍😍,positive
just 💙💙,positive
feeling 🙂,positive
feeling 👍,positive
🙌🙌🙌,positive
feeling 💚💚💚,positive
just 🙌🙌🙌,positive
👏👏,positive
feeling 😎😎,positive
just 😇😇😇,positive
feeling 🤣🤣,positive
just 😁😁,positive
just 💛💛,positive
👍👍,positive
just 🎊🎊🎊,positive
just 💯,positive
feeling 🥰🥰🥰,positive
just 🤩🤩🤩,positive
😃😃😃,positive
just 😍😍😍,positive
feeling 💚💚,positive
just 💛💛💛,positive
feeling 😃😃,positive
feeling ❤,positive
😃😃😃,positive
feeling 💪,positive
just 😍😍😍,positive
feeling 🥳🥳🥳,positive
🤣,positive
🔥🔥🔥,positive
feeling 💛💛💛,positive
feeling 🥳🥳🥳,positive
just 🎊,positive
feeling 🤣,positive
just 😆,positive
😄😄😄,positive
❤,positive
feeling 💯,positive
🥰🥰🥰,positive
just 😃😃😃,positive
feeling 🥰🥰,positive
just 💜💜,positive
just 🤩🤩🤩,positive
just 😀😀,positive
😄😄,positive
just 😃,positive
😆,positive
💪,positive
feeling 🙂🙂🙂,positive
just 🙌🙌🙌,positive
just 💚💚💚,positive
😃😃,positive
feeling ✨✨,positive
🔥🔥🔥,positive
feeling ✨✨✨,positive
feeling 💚💚,positive
feeling 💪,positive
💜💜💜,positive
just 💙💙,positive
🤩🤩,positive
just 🥰🥰🥰,positive
just 😆😆😆,positive
💯,positive
just 🙌🙌,positive
🥰🥰,positive
feeling 😎😎,positive
just 😀😀😀,positive
just 😀😀😀,positive
just ✨✨,positive
just 😍,positive
👍👍,positive
🎊,positive
just 😆,positive
just 👏,positive
🙌🙌🙌,positive
😀😀,positive
just ✨✨✨,positive
feeling 😆,positive
just 😁,positive
feeling 🥰,positive
🎊🎊,positive
feeling 🥰🥰🥰,positive
😂,positive
😁😁,positive
😀😀😀,positive
🤩🤩🤩,positive
🔥🔥🔥,positive
feeling 😄😄😄,positive
just 🙂,positive
feeling 😂,positive
👍,positive
😆,positive
🥳🥳🥳,positive
just 🙂🙂🙂,positive
feeling 💪💪💪,positive
feeling ✨,positive
just 💜💜💜,positive
just 👍👍👍,positive
just 🙌🙌,positive
😁😁,positive
just 😂😂,positive
👍👍👍,positive
😍😍,positive
feeling ️️,positive
feeling 😃😃😃,positive
just 🤩🤩🤩,positive
just 😊😊,positive
🎊🎊,positive
just ❤❤,positive
feeling 🙌🙌🙌,positive
just 😀😀😀,positive
just 💙💙,positive
😍😍,positive
feeling 💜💜,positive
😍😍,positive
just 🧡🧡🧡,positive
feeling 💛💛,positive
👏👏,positive
feeling 😇😇,positive
feeling 😎😎😎,positive
💜💜💜,positive
🎉🎉,positive
just 😇😇😇,positive
😊,positive
feeling 🎊,positive
just 😂😂😂,positive
feeling 😊😊,positive
feeling 🙂🙂🙂,positive
😊😊,positive
feeling 🎊🎊,positive
🥳🥳,positive
feeling ✨✨✨,positive
feeling 🥳🥳,positive
🤩🤩🤩,positive
feeling 💛,positive
feeling 🔥🔥🔥,positive
just 🙌,positive
✨✨,positive
just 👍👍👍,positive
just 🧡🧡,positive
feeling 👏👏,positive
feeling ️️️,positive
just 💪💪,positive
💜💜💜,positive
❤,positive
just ️️️,positive
just 👏👏👏,positive
just 💯💯,positive
💙,positive
🙌,positive
😍,positive
feeling 💜💜,positive
feeling 😀,positive
feeling 🥰🥰,positive
just 💪,positive
😂,positive
feeling 😀😀😀,positive
💙💙,positive
feeling 😎😎,positive
just 🥳🥳🥳,positive
just 😊,positive
just 🔥🔥,positive
🧡🧡🧡,positive
just 😃😃,positive
feeling 💯💯,positive
😆😆,positive
just 😇,positive
just 🎊🎊🎊,positive
just 😄😄😄,positive
just 😁,positive
just 💪💪,positive
feeling 🙂🙂,positive
😁😁,positive
just 🤣🤣,positive
just 🙂,positive
feeling 🔥🔥,positive
feeling 😄😄,positive
just 🎉,positive
just 😎😎,positive
feeling ❤❤❤,positive
feeling 👏,positive
😊😊,positive
🙂,positive
feeling 💚💚,positive
feeling 🙌🙌🙌,positive
feeling 🎉,positive
just 🤩🤩🤩,positive
just 😃,positive
just 💜💜,positive
just 💪💪,positive
just 😄😄😄,positive
just 🙌🙌,positive
🤩,positive
💪,positive
just 💙💙💙,positive
feeling 😄😄,positive
just 😆😆😆,positive
👏👏👏,positive
feeling 🥳🥳,positive
feeling 🎉🎉🎉,positive
just 😄😄😄,positive
just 💚💚💚,positive
😊😊,positive
feeling ❤❤❤,positive
just 😍,positive
just 😂😂,positive
just ❤❤❤,positive
feeling 💯💯💯,positive
just 😇😇😇,positive
🥰🥰,positive
just ❤❤❤,positive
just ️️️,positive
feeling 🙌,positive
💚💚,positive
just 💙,positive
feeling 🎉🎉,positive
feeling 🥳🥳,positive
🥳🥳,positive
💯💯,positive
feeling 😃😃😃,positive
✨✨✨,positive
🙌,positive
❤❤,positive
feeling 💙,positive
just 🎊🎊🎊,positive
just 🎊,positive
just 👏👏👏,positive
feeling 😂😂,positive
just 🙌,positive
🙌🙌,positive
😆😆😆,positive
😎😎,positive
😎,positive
just 💪,positive
🥰🥰🥰,positive
feeling 😀,positive
👏👏👏,positive
💛💛,positive
🥳🥳,positive
🎊🎊,positive
feeling 😎,positive
just 🙌🙌🙌,positive
just 🎊🎊,positive
just 💙💙,positive
😆😆😆,positive
🎊🎊,positive
feeling ✨✨,positive
😊😊,positive
😂,positive
🙂🙂🙂,positive
😀😀😀,positive
feeling 🥰🥰,positive
just 🎊🎊🎊,positive
just 🥳,positive
feeling 🤣🤣,positive
feeling 💛💛,positive
🧡,positive
just 🎉,positive
feeling 😆😆,positive
🔥🔥🔥,positive
feeling 🙌,positive
just 🤣🤣,positive
just ✨,positive
feeling 😍,positive
feeling 💪,positive
just 🧡🧡🧡,positive
🧡🧡🧡,positive
just 🥰🥰🥰,positive
just 😇,positive
just ✨,positive
💛,positive
just 🥰🥰🥰,positive
💚,positive
feeling 🙌🙌,positive
feeling 👏👏👏,positive
🤣🤣🤣,positive
🎉,positive
just 👍👍👍,positive
😍😍,positive
just 😁,positive
😀,positive
just 🎉🎉🎉,positive
just 😀,positive
😃,positive
just 😁😁😁,positive
just 😄,positive
just 🙂🙂🙂,positive
feeling 😊😊,positive
feeling 🥰,positive
just 👏,positive
😇😇😇,positive
feeling 🎉🎉🎉,positive
just 💪💪💪,positive
feeling 💯💯,positive
💯💯,positive
😇😇,positive
just 👍👍,positive
just 🥰🥰,positive
just 🤩🤩,positive
feeling 🥰🥰,positive
feeling 😎😎😎,positive
😀,positive
😇😇😇,positive
just 🔥🔥🔥,positive
just 💛💛💛,positive
just 🎊🎊🎊,positive
feeling 😄😄😄,positive
just 🧡🧡🧡,positive
😄,positive
feeling 🥰🥰,positive
🧡🧡,positive
just 🙂🙂,positive
feeling ❤,positive
😃😃😃,positive
😀,positive
feeling 😎😎😎,positive
just 🤣,positive
just 😄😄,positive
🥰🥰🥰,positive
just 😊,positive
🤣🤣🤣,positive
just 😊😊,positive
just 🙌🙌,positive
😀,positive
feeling 😄,positive
💙,positive
😁,positive
just 🥰🥰,positive
💚,positive
😍😍😍,positive
🤩🤩,positive
❤,positive
🎊,positive
just 😍😍😍,positive
feeling 🎉,positive
feeling 😄😄😄,positive
🙂,positive
just 😁,positive
feeling 😃😃😃,positive
feeling 🥳,positive
🙂🙂,positive
🙌,positive
🧡🧡🧡,positive
just 🙂🙂,positive
just 😁,positive
feeling 😃😃😃,positive
feeling 💪,positive
💜💜💜,positive
feeling ✨,positive
💚💚,positive
just 🎉,positive
feeling 😍😍😍,positive
feeling 💛💛,positive
😆😆,positive
feeling 😇😇😇,positive
😄😄,positive
feeling 😆😆😆,positive
just 🎊,positive
just 😇😇😇,positive
💚💚💚,positive
feeling ✨✨,positive
feeling 😆😆,positive
feeling 🎉🎉,positive
just 😁😁😁,positive
feeling 😊,positive
😊😊😊,positive
💜💜💜,positive
just 👏👏,positive
😍😍,positive
🧡🧡,positive
😇😇,positive
feeling 💪💪💪,positive
just 😇😇😇,positive
feeling 🥳🥳,positive
❤❤❤,positive
feeling 😀,positive
just 😊,positive
feeling 😍😍,positive
👍,positive
just 🙌🙌🙌,positive
just 🥰,positive
✨,positive
😁😁,positive
feeling 👏,positive
just 🙂🙂🙂,positive
just 😃😃,positive
😊😊,positive
just 🥰,positive
🔥,positive
just 😇😇😇,positive
💪💪💪,positive
just 🎊🎊,positive
just 😎,positive
😆😆😆,positive
feeling 😂😂😂,positive
feeling 🔥🔥,positive
just ❤❤,positive
😄😄😄,positive
🥳🥳,positive
feeling 🎊🎊,positive
feeling 🔥🔥,positive
feeling 😃,positive
just 💙,positive
feeling 😂😂😂,positive
🤣🤣🤣,positive
💜💜,positive
just 😎😎😎,positive
🎉🎉🎉,positive
feeling 🥳🥳,positive
😁😁,positive
💜💜,positive
just 🤩,positive
feeling 🎉🎉,positive
just 👏👏,positive
just 😁😁😁,positive
just 💛💛,positive
feeling ️️️,positive
❤,positive
feeling 😃😃😃,positive
just ️️️,positive
👏👏👏,positive
feeling 😀😀,positive
just 😂,positive
just 💚,positive
💛💛,positive
just 🥰,positive
feeling 😇😇😇,positive
just 🔥,positive
just 💙,positive
🎉🎉,positive
just 🎉🎉,positive
feeling 👍👍👍,positive
feeling 😁😁😁,positive
feeling 🤣,positive
just 🎉,positive
💜💜💜,positive
just ✨✨✨,positive
just 💙💙,positive
just 🥳🥳,positive
💯,positive
just 🙌🙌🙌,positive
✨,positive
just 🥳,positive
just 🎊🎊🎊,positive
just 🙌🙌🙌,positive
feeling 👏,positive
feeling 😇😇,positive
feeling 🤣🤣,positive
😁😁😁,positive
feeling 🎉,positive
feeling 💛💛💛,positive
just 😁,positive
just 💚💚,positive
🧡🧡,positive
💯💯💯,positive
💙,positive
just 😊,positive
😊😊😊,positive
just 😎😎😎,positive
just 🤩🤩,positive
just 👍👍👍,positive
😎😎😎,positive
just 🥰🥰🥰,positive
just 🤣🤣,positive
feeling 🙌,positive
just 💙💙,positive
feeling 😄😄😄,positive
just 🥳🥳🥳,positive
feeling ❤,positive
feeling 🎊,positive
feeling 🔥🔥,positive
just 😄😄,positive
feeling 🥳,positive
😁😁😁,positive
feeling 😁😁,positive
feeling 🥳,positive
just 💛💛💛,positive
just 🙌,positive
💛💛💛,positive
just 🎉🎉,positive
just 🙌🙌🙌,positive
feeling ️️,positive
feeling 🤩🤩🤩,positive
just 😆,positive
😆😆😆,positive
🎊,positive
just ✨✨✨,positive
feeling 🎉🎉,positive
🔥,positive
feeling ️️,positive
feeling 😍😍😍,positive
😇😇😇,positive
just 😎,positive
just 🥰🥰,positive
just 🥳🥳,positive
feeling 😂😂😂,positive
just 🔥,positive
just 😇,positive
feeling 😇😇😇,positive
😃😃😃,positive
feeling 🙌🙌,positive
😂😂,positive
👍,positive
just 🥰🥰🥰,positive
just 😄,positive
🎊🎊,positive
just 👍👍👍,positive
feeling 🤩,positive
feeling 🎊,positive
🥳,positive
just ❤❤,positive
🎊🎊,positive
🧡🧡🧡,positive
😃,positive
🙌,positive
feeling 😀😀,positive
just ️️️,positive
feeling 👍,positive
😁😁😁,positive
😂😂😂,positive
feeling 😇😇😇,positive
feeling 🤩🤩,positive
🤩🤩,positive
feeling 🤣🤣,positive
feeling 😍😍😍,positive
feeling ✨✨,positive
just 💪,positive
feeling 🤩,positive
feeling 💯💯,positive
just 🥳,positive
feeling 🙂🙂🙂,positive
👍👍,positive
😂,positive
feeling 🔥,positive
just 🥳🥳,positive
🙌🙌🙌,positive
just 😂😂,positive
feeling 👏👏,positive
just 🔥🔥,positive
feeling 😂😂😂,positive
feeling 🤩,positive
feeling 😂😂😂,positive
feeling 🙌,positive
just 😆😆,positive
just 😆😆😆,positive
feeling ❤❤❤,positive
just 🥰🥰🥰,positive
❤❤❤,positive
just ✨✨✨,positive
just 💪💪💪,positive
just 🤩🤩🤩,positive
just 🙌,positive
😁,positive
just 😂😂,positive
just 😎😎😎,positive
feeling 😁😁😁,positive
🧡🧡,positive
just 😄😄,positive
🥳🥳🥳,positive
feeling 💪💪💪,positive
just 💜,positive
😇,positive
feeling 😍,positive
just 💙💙💙,positive
😎,positive
feeling 🥰🥰🥰,positive
🥰,positive
just 💜💜,positive
just 🥰🥰🥰,positive
just 🙌,positive
just 😂😂😂,positive
feeling 💛,positive
😍😍,positive
just 🙂🙂🙂,positive
just 😎😎,positive
feeling 👏👏👏,positive
💪,positive
👍👍👍,positive
just 😎😎😎,positive
just 😊😊😊,positive
just 😂,positive
💯💯,positive
just 😊,positive
just 💙💙,positive
🧡🧡🧡,positive
just 👏👏👏,positive
just ️,positive
feeling 🎉🎉🎉,positive
just 😃😃😃,positive
just 💪💪💪,positive
💜,positive
feeling 😎😎,positive
💯,positive
just 💪💪💪,positive
😁,positive
feeling 🤩🤩,positive
just 👍👍👍,positive
feeling 🙂,positive
feeling 🥳🥳,positive
feeling 😀😀😀,positive
feeling 👍,positive
feeling 😊😊,positive
just 🙌🙌,positive
just 😃😃,positive
😂😂,positive
just 👍,positive
just 💜💜,positive
👏👏👏,positive
💛💛,positive
just 🥰🥰🥰,positive
✨✨,positive
just 😆😆,positive
just 🙂🙂🙂,positive
💚,positive
just 😇,positive
🎊🎊,positive
just 🎊,positive
just 🥰🥰,positive
feeling 👏👏,positive
just ✨✨✨,positive
just ❤,positive
😆,positive
💛💛,positive
just 😂😂,positive
feeling 😁😁😁,positive
feeling 🤣🤣🤣,positive
feeling 💪💪💪,positive
just 😇😇,positive
feeling 🎊🎊🎊,positive
😁,positive
🧡,positive
🧡🧡🧡,positive
just 😂😂😂,positive
just 💛💛💛,positive
❤❤❤,positive
😇😇,positive
just 🥳,positive
😂😂😂,positive
just 😁😁,positive
just 🙂🙂🙂,positive
just 😂😂😂,positive
feeling ❤❤❤,positive
feeling 👏👏👏,positive
feeling ❤❤,positive
🙂🙂,positive
🙂🙂🙂,positive
😁😁,positive
just 😍😍,positive
🥳🥳🥳,positive
feeling 🧡🧡🧡,positive
😀😀😀,positive
feeling 😄😄😄,positive
feeling 💙,positive
just 🤣🤣,positive
😁😁,positive
😎😎,positive
👏👏👏,positive
just 🎊,positive
️,positive
😎,positive
feeling 💜,positive
feeling 💙💙,positive
just 😂😂😂,positive
👍👍,positive
feeling 😃😃😃,positive
🥳🥳,positive
just 💪,positive
feeling 🤣,positive
😁,positive
💙💙💙,positive
just ❤❤,positive
🙌🙌,positive
just 💙💙,positive
🎉🎉,positive
😄😄,positive
feeling 🎊,positive
just 🥳🥳,positive
💪💪,positive
feeling 💪💪,positive
feeling 😍😍,positive
feeling 😍,positive
feeling 🤣🤣,positive
😃😃😃,positive
just 💜💜💜,positive
feeling ✨,positive
🙂🙂,positive
feeling 🎊🎊,positive
just 🤩🤩🤩,positive
just 👏👏,positive
😎😎,positive
feeling ❤❤❤,positive
just 🙂,positive
🥳,positive
feeling 😂😂😂,positive
just 😀😀😀,positive
just 💚💚,positive
feeling 😃😃😃,positive
feeling 😁,positive
feeling 😁,positive
feeling ❤❤❤,positive
🔥,positive
🤩,positive
just 😄,positive
just 🙂,positive
😆,positive
feeling 😊😊,positive
✨,positive
just 😊😊,positive
🤣🤣,positive
just 💪💪,positive
feeling 😂,positive
just 😍,positive
🤣🤣🤣,positive
feeling 🥳🥳,positive
💛,positive
💜,positive
😁😁,positive
😂😂😂,positive
just 💯,positive
feeling 🥰🥰🥰,positive
just 💜,positive
😂😂😂,positive
just 🙌🙌,positive
feeling 🎉,positive
feeling 🎊🎊,positive
feeling 😇😇,positive
🎉,positive
feeling 🎊,positive
feeling 💛💛💛,positive
😆😆😆,positive
🙌,positive
just ✨✨✨,positive
🔥🔥🔥,positive
just 💙,positive
just 🙂,positive
🎊🎊,positive
feeling ❤❤❤,positive
just 🤣🤣,positive
just 🥰🥰,positive
just ✨✨,positive
feeling 😂,positive
🙂🙂🙂,positive
just ❤❤❤,positive
just 😄😄,positive
🎊,positive
just 💜,positive
feeling 😊,positive
️,positive
feeling 🙌,positive
just 😃,positive
feeling 😁,positive
💪💪💪,positive
just 😄,positive
feeling ❤❤,positive
🥳,positive
feeling 💜💜💜,positive
😊😊,positive
feeling 🙌🙌,positive
just ✨✨,positive
just ️️,positive
just 🙂,positive
just 💛💛💛,positive
😀😀😀,positive
feeling 😊😊😊,positive
feeling 👍👍,positive
just ❤❤❤,positive
feeling 🤩🤩,positive
💯💯💯,positive
feeling 😂,positive
🔥🔥,positive
just 😎😎,positive
just ❤,positive
just 💙💙,positive
🎊🎊,positive
feeling 😂😂😂,positive
😂😂😂,positive
just 😄😄,positive
feeling 👍👍👍,positive
just 😁😁,positive
feeling 😍,positive
💜💜💜,positive
just 💪,positive
💙💙,positive
💛,positive
feeling 💜,positive
💚💚💚,positive
just 🤩🤩🤩,positive
😂😂😂,positive
feeling ️️️,positive
feeling 🙂🙂🙂,positive
just 🤣,positive
feeling 😆😆,positive
just 😊😊😊,positive
😎,positive
just 🤣🤣,positive
just 🔥,positive
feeling 💚,positive
feeling 💜,positive
just 💯💯💯,positive
feeling 😁😁,positive
🙌,positive
just 🙌,positive
💛💛,positive
💚💚,positive
just 😊😊😊,positive
just 😂,positive
feeling 👏👏👏,positive
😁😁,positive
feeling 😀😀,positive
just 😀,positive
😎,positive
just 💛💛,positive
😄😄,positive
feeling ❤❤,positive
🔥🔥,positive
feeling 🙌🙌🙌,positive
💚,positive
just 😊😊,positive
just 😍😍😍,positive
😇,positive
feeling 🎊,positive
feeling 💜,positive
feeling 💜💜,positive
just 🔥🔥,positive
🧡🧡,positive
feeling 👏,positive
just 💚💚💚,positive
just 🧡🧡🧡,positive
😂😂,positive
just 😃,positive
feeling 🎉,positive
just 💪,positive
🎊🎊,positive
feeling 🔥,positive
🎊🎊,positive
❤❤❤,positive
just 😊😊,positive
just 😀😀,positive
just ️️️,positive
just 😀😀😀,positive
feeling 🤣,positive
feeling 💛💛,positive
feeling 😀😀,positive
😆😆😆,positive
feeling 🎊🎊,positive
just 💜💜,positive
feeling 🙌,positive
feeling 🤩🤩,positive
just 😂,positive
just 👍👍,positive
feeling 💛💛💛,positive
feeling 💪,positive
feeling 🥳🥳,positive
😍,positive
just 💯💯💯,positive
️️,positive
feeling 😊,positive
just 🤣🤣,positive
feeling 👍,positive
feeling 🤩,positive
just 😃,positive
just 🧡,positive
😆😆,positive
just 🥳🥳🥳,positive
just 😎😎😎,positive
feeling 😃😃😃,positive
just 💪💪💪,positive
just 🙂🙂,positive
feeling 😀,positive
just 🙌,positive
🧡,positive
just 👍,positive
feeling 💯💯💯,positive
just 💙,positive
just 🧡,positive
just 😎😎😎,positive
feeling 💚,positive
👍,positive
just 😊😊,positive
just ️,positive
😍😍,positive
feeling 🥰🥰,positive
feeling 💪💪,positive
feeling 🤩🤩,positive
✨,positive
🤣🤣🤣,positive
❤❤,positive
just 💚💚💚,positive
feeling 😊,positive
just 👍,positive
feeling 💯💯💯,positive
just ️️,positive
just 🧡,positive
🤩🤩🤩,positive
feeling 😀,positive
just 🧡🧡,positive
😍,positive
💪💪,positive
🎉,positive
🥰🥰,positive
feeling ️️️,positive
feeling 🤣🤣🤣,positive
feeling 🤣,positive
just 🧡,positive
just 💙,positive
❤❤,positive
just 💙💙💙,positive
😂😂😂,positive
💯💯,positive
feeling 🎉🎉,positive
just 😊,positive
just 💛,positive
❤❤,positive
✨,positive
feeling 😆😆,positive
feeling 😊,positive
just 😁😁,positive
feeling 🤩🤩🤩,positive
😎😎😎,positive
feeling 😇,positive
feeling 🤩🤩🤩,positive
feeling 🧡🧡🧡,positive
just 🎉,positive
feeling ✨✨,positive
just 😆😆,positive
just 😊,positive
feeling 🤣🤣,positive
feeling 😆😆,positive
🤩,positive
🙂🙂🙂,positive
🧡🧡,positive
just 🙂🙂🙂,positive
😊,positive
feeling 👍,positive
just 🙂🙂🙂,positive
feeling 😍,positive
just 💛💛💛,positive
feeling 😃😃,positive
just 💛💛💛,positive
just 😁😁,positive
just 🤣,positive
feeling 🙂🙂🙂,positive
✨,positive
💛💛,positive
feeling 🥳,positive
feeling 🎊,positive
feeling 😃😃,positive
feeling 😆😆😆,positive
just 👍👍👍,positive
💔,negative
feeling 😫😫,negative
😠😠😠,negative
feeling 😕,negative
feeling 👎👎👎,negative
so 😢😢😢,negative
🤢,negative
feeling 😣😣,negative
so 🙄🙄🙄,negative
so 😤😤,negative
so 😦,negative
🤬🤬,negative
feeling 😫,negative
so 💔💔💔,negative
so 😤,negative
😢😢,negative
👎👎,negative
️️️,negative
🤬,negative
😡😡😡,negative
😞,negative
💔💔💔,negative
feeling 😥,negative
feeling 😦,negative
😔,negative
so ☹,negative
feeling 💔💔💔,negative
😓😓😓,negative
so 😦,negative
feeling 😕,negative
️️,negative
😓😓,negative
feeling 😥😥😥,negative
so 😕,negative
😭😭😭,negative
so 😟😟,negative
feeling 😞,negative
🤬🤬,negative
😣,negative
😠😠,negative
feeling 😟😟😟,negative
so 😢,negative
feeling 🤮🤮,negative
🙁🙁🙁,negative
so 🤢🤢🤢,negative
feeling 😦😦😦,negative
😫,negative
😤😤,negative
😢😢,negative
so 🤮🤮,negative
feeling 🙄🙄,negative
😣😣,negative
feeling 😟😟😟,negative
feeling 😤😤😤,negative
feeling 😕😕😕,negative
feeling 😠,negative
so 😥,negative
😩😩,negative
😣😣😣,negative
so 🙄,negative
feeling 😔,negative
feeling 🤬🤬🤬,negative
😣😣,negative
feeling ️️️,negative
😡,negative
☹,negative
😩😩,negative
feeling 😧😧😧,negative
💀,negative
🙄🙄🙄,negative
so 😡😡😡,negative
feeling 😧😧,negative
so 😩,negative
😞😞,negative
so 🤢,negative
feeling 😖😖😖,negative
feeling 😓😓😓,negative
😰😰😰,negative
feeling 🙄,negative
feeling 😒😒,negative
feeling 🤢🤢🤢,negative
feeling 😤😤😤,negative
😰,negative
feeling ☹☹☹,negative
feeling 😩😩,negative
😢😢,negative
😔,negative
😡,negative
😠😠😠,negative
feeling 😰😰😰,negative
😕😕,negative
so 👎👎,negative
feeling 👎,negative
🤬🤬,negative
feeling 😞😞,negative
so 😤😤😤,negative
😭😭,negative
feeling 😫,negative
so 😖😖,negative
so 🙄🙄,negative
feeling 🙄🙄,negative
😓😓,negative
feeling 👎,negative
😥😥😥,negative
feeling 😣😣,negative
😕,negative
😟😟,negative
so 💔💔💔,negative
feeling 😥,negative
😫😫😫,negative
feeling 😟😟,negative
so 😧😧😧,negative
feeling 💀💀,negative
so ️,negative
💀💀💀,negative
so 🤢🤢,negative
🤬🤬,negative
😡😡😡,negative
so 😫,negative
feeling ️️️,negative
so 😤😤😤,negative
so 😞😞,negative
😒😒,negative
💀💀,negative
so ☹☹☹,negative
☹,negative
so 😒😒,negative
so 😖,negative
feeling 🤬🤬,negative
😰😰😰,negative
😡😡😡,negative
😣😣,negative
feeling 😖😖,negative
😓,negative
feeling 💔💔💔,negative
so ☹☹☹,negative
😢😢😢,negative
😧,negative
feeling 😣,negative
so 💔,negative
💔💔💔,negative
so ☹☹,negative
so 🤬,negative
feeling 💔💔💔,negative
so 😠😠,negative
so 😠😠,negative
so 😣😣😣,negative
feeling 😖,negative
🙁,negative
feeling 😨😨😨,negative
so 😦😦,negative
so 😣,negative
feeling 😤,negative
😥😥😥,negative
so 😩,negative
feeling ☹,negative
feeling 🤢,negative
so 😓😓😓,negative
so 😰,negative
😢😢😢,negative
feeling 😖,negative
🤬🤬🤬,negative
so 😒,negative
🙁,negative
😕😕,negative
😞,negative
so 😫😫,negative
so 😔😔,negative
feeling 😟,negative
🤮,negative
😤😤,negative
so 💔💔💔,negative
so 😨😨😨,negative
😣😣😣,negative
feeling 😠,negative
so 😠😠,negative
so 😫😫,negative
😡😡,negative
feeling 🙄,negative
feeling 🤬,negative
😩😩😩,negative
so 😒😒,negative
feeling 🙁🙁🙁,negative
feeling 😕😕😕,negative
🤮🤮,negative
so ️,negative
so 😣😣,negative
feeling 😞,negative
so 💀,negative
feeling 😕😕,negative
so 😰,negative
so 😨,negative
so 😰,negative
so 😫😫,negative
feeling 💔💔,negative
😫,negative
so 😩😩,negative
so 😦😦,negative
😭,negative
so 😕😕😕,negative
😞😞😞,negative
🙁,negative
feeling 😓,negative
😢😢😢,negative
👎👎👎,negative
so 😭😭😭,negative
feeling 😢😢,negative
so 🤬,negative
😖😖😖,negative
💀💀💀,negative
🤢,negative
😨😨😨,negative
😢,negative
so 😖😖,negative
feeling 😦😦😦,negative
so 😤,negative
feeling 🤮,negative
feeling 💔💔💔,negative
😠😠,negative
feeling 😓,negative
feeling 😢😢,negative
feeling 😖😖,negative
😤,negative
so 😭😭,negative
so 😖,negative
so 😟😟,negative
so 😕😕,negative
feeling 😰,negative
😡😡😡,negative
😣,negative
feeling 😭😭,negative
😓😓,negative
feeling 😨,negative
😒,negative
feeling 👎👎,negative
feeling 😖😖😖,negative
feeling 😤,negative
so 😡,negative
so 🤢🤢,negative
feeling 😔😔😔,negative
feeling 💔💔,negative
so 😖😖😖,negative
😕😕,negative
so ☹☹,negative
so 🙄🙄,negative
feeling 😫😫,negative
feeling ☹,negative
feeling 😖😖,negative
so 🙁🙁,negative
so 😕😕😕,negative
😔😔😔,negative
feeling 😭,negative
so 🤬🤬,negative
feeling 😡,negative
feeling 😨😨,negative
so ☹,negative
so 😡😡,negative
so 😠😠😠,negative
so 😥,negative
so 😔😔😔,negative
so 💔💔,negative
so 😨😨😨,negative
so 😒,negative
️️️,negative
😦😦,negative
so 😓😓,negative
so 😔😔,negative
feeling 🤢,negative
feeling 🤬,negative
so 😭😭😭,negative
feeling 😣,negative
so 😔😔😔,negative
feeling 🤬🤬🤬,negative
😣😣😣,negative
feeling 🙄🙄,negative
👎👎👎,negative
feeling 💀,negative
so 💀💀,negative
☹☹,negative
so 😭,negative
feeling 💀💀💀,negative
so 🙁,negative
😕,negative
so 💔💔,negative
feeling 😥😥😥,negative
feeling 😰😰,negative
feeling 😖,negative
feeling 😭😭,negative
feeling 😔😔😔,negative
feeling 😫😫,negative
feeling 😥,negative
😫😫😫,negative
so 😩😩,negative
😨,negative
😒😒,negative
feeling 🤬🤬,negative
so 🤮🤮🤮,negative
feeling 🙄🙄,negative
so 😟,negative
feeling 😰😰😰,negative
so 😫😫😫,negative
feeling 😔,negative
feeling 😥,negative
feeling 😭😭,negative
😔😔😔,negative
😕😕,negative
so ️,negative
so 😔😔😔,negative
🤬🤬,negative
😭,negative
feeling 😔😔😔,negative
😠😠😠,negative
🤮🤮,negative
🙁,negative
so 💔💔,negative
so 💔💔💔,negative
😤😤😤,negative
feeling 😖😖😖,negative
so 😞😞,negative
feeling 😠😠,negative
so 🤮🤮🤮,negative
so 🙁🙁🙁,negative
😧,negative
feeling ️️️,negative
feeling 😔,negative
so 💀,negative
so 😟,negative
️️️,negative
😕,negative
so 🤬🤬🤬,negative
💀💀,negative
😧😧,negative
so ☹,negative
️,negative
so 🤮🤮🤮,negative
feeling 😖😖😖,negative
so 😓,negative
so 😤,negative
feeling 😟😟😟,negative
feeling 😦😦,negative
😕😕😕,negative
😫😫😫,negative
😢😢,negative
😕😕😕,negative
feeling 😩😩,negative
feeling 😡,negative
so 🤮,negative
😖😖😖,negative
so 💔,negative
😠😠😠,negative
feeling 😟😟😟,negative
feeling ☹,negative
😥😥,negative
so 😥😥😥,negative
feeling 😓,negative
so 😖,negative
feeling 😓,negative
feeling 😤😤😤,negative
feeling 🙄🙄🙄,negative
😕,negative
so ☹,negative
😦,negative
feeling 😠😠😠,negative
feeling 😡,negative
so ️,negative
feeling 😠😠,negative
🤬🤬🤬,negative
so 😭😭,negative
😔😔😔,negative
so 😡,negative
so 😥😥😥,negative
😢😢😢,negative
🤮🤮,negative
😒,negative
😰😰😰,negative
feeling 😭😭,negative
feeling 😥😥😥,negative
so 😦😦😦,negative
so 😥😥,negative
so 😩😩,negative
😒,negative
so 👎,negative
so 🤬🤬🤬,negative
so 👎👎,negative
so 😣😣😣,negative
so 😓😓,negative
️,negative
so 😞😞😞,negative
😔😔,negative
so 😭😭,negative
😣😣😣,negative
😢😢😢,negative
💀💀💀,negative
feeling 😞😞,negative
so 😦😦😦,negative
💔💔💔,negative
😠,negative
feeling 😤😤😤,negative
😓,negative
so 😦😦😦,negative
feeling 😨😨😨,negative
so 😥😥,negative
feeling ️️,negative
😨😨,negative
so 😒😒😒,negative
feeling 😟,negative
😭😭,negative
💀💀,negative
so 😠😠😠,negative
🙁,negative
️️,negative
so 💀,negative
😣😣,negative
😓😓,negative
😡😡,negative
so 🤮🤮🤮,negative
feeling 😠😠,negative
😧😧,negative
feeling 😓😓😓,negative
feeling 😡,negative
so 😥,negative
feeling 😨😨😨,negative
🤮,negative
😕😕,negative
😒😒😒,negative
so 😓,negative
feeling 😨😨😨,negative
☹☹☹,negative
🙄🙄,negative
😟😟,negative
feeling ️,negative
️️️,negative
so 😤😤😤,negative
😦😦,negative
feeling 😠😠😠,negative
feeling 😣😣,negative
feeling 😓😓,negative
so 👎👎👎,negative
feeling 😫😫😫,negative
😠😠😠,negative
so 🤬🤬,negative
feeling 😢,negative
so 🙁🙁,negative
so 🙁🙁🙁,negative
feeling 🙁,negative
feeling 🙁,negative
feeling 😖,negative
so 😥😥,negative
so 😔😔😔,negative
🙁🙁,negative
😔,negative
feeling 😫😫😫,negative
💔,negative
😤😤,negative
feeling 🤢🤢,negative
feeling 🙁🙁,negative
so 👎👎,negative
💀💀,negative
😫😫😫,negative
so 😨😨😨,negative
feeling 😟,negative
so 💔💔,negative
feeling 😟😟,negative
😧😧😧,negative
so 🤮,negative
feeling 🤮🤮,negative
so 😡😡😡,negative
so 😣😣,negative
so 😟😟,negative
😖,negative
😟😟😟,negative
feeling 😰😰,negative
so 😨,negative
so 😣😣,negative
😔😔😔,negative
so 😥😥😥,negative
feeling 😣😣😣,negative
feeling ️️️,negative
so 🙄🙄🙄,negative
so 😢,negative
so 😰😰😰,negative
feeling 😒😒,negative
🤮🤮🤮,negative
🙄🙄🙄,negative
😤😤,negative
so 😭😭,negative
so 😟😟,negative
feeling 😕,negative
feeling 😰😰😰,negative
so 😦,negative
so 😭,negative
feeling 💀,negative
feeling 🙁🙁🙁,negative
so 🙄🙄,negative
feeling 😥😥😥,negative
feeling 😞😞,negative
😞😞,negative
😤😤,negative
😒😒😒,negative
so 😧,negative
so 😩,negative
😡,negative
so 😞,negative
so 😰😰,negative
feeling 😞,negative
😡😡😡,negative
😔😔,negative
so 👎👎,negative
😫😫😫,negative
💀💀💀,negative
so 😢😢😢,negative
so 😭😭,negative
so 💔💔💔,negative
🙄,negative
so 🙁,negative
💀,negative
feeling 😓,negative
feeling 😧😧😧,negative
😔,negative
😦😦😦,negative
😔😔,negative
feeling 😔😔,negative
feeling 👎,negative
feeling 😒😒,negative
so 😩,negative
feeling 😧😧😧,negative
so 😖😖,negative
feeling 😩😩😩,negative
so 😥😥,negative
feeling 😢😢😢,negative
feeling 🙄🙄,negative
feeling 😓😓,negative
so 😞😞,negative
so 😓😓,negative
so 👎👎,negative
😤,negative
😢😢😢,negative
so 🙄🙄,negative
💔💔,negative
😟😟,negative
feeling 😟,negative
😟😟,negative
😥😥😥,negative
😢😢😢,negative
😭😭😭,negative
so 💔,negative
feeling 😠😠,negative
😓😓,negative
so 😟😟😟,negative
feeling 🙁,negative
feeling 🤢🤢,negative
feeling 😓,negative
so ☹☹☹,negative
feeling 🙁,negative
so 😖😖,negative
😞😞,negative
😡,negative
😦😦,negative
so 😣😣,negative
so 😩😩😩,negative
️️,negative
🤢🤢🤢,negative
so 😢,negative
feeling 😖,negative
feeling 😧😧😧,negative
so 😔😔,negative
😠,negative
😧😧,negative
😧😧,negative
😖😖,negative
💔,negative
feeling 👎,negative
so 😔😔😔,negative
so 💀,negative
feeling 💔,negative
😠😠,negative
so ☹☹☹,negative
so 😫😫😫,negative
so 😫😫😫,negative
so 😢,negative
😟😟😟,negative
so 😡😡😡,negative
feeling 😭,negative
💔,negative
feeling 💔,negative
😔😔😔,negative
so 💀💀💀,negative
😞😞,negative
😕😕😕,negative
feeling 💀,negative
😦😦,negative
feeling ☹,negative
😕😕😕,negative
so 😨,negative
so 😭,negative
😠😠😠,negative
feeling 😥,negative
so 😤😤😤,negative
feeling 😒😒,negative
😕😕😕,negative
😨,negative
so 🤮,negative
😢😢,negative
so 😕😕,negative
feeling 👎👎,negative
😕😕,negative
so 😞,negative
feeling 🤬,negative
😞,negative
😭😭,negative
feeling 😤😤😤,negative
feeling 🤮🤮,negative
feeling 🙄🙄🙄,negative
😥😥,negative
💀💀💀,negative
feeling 😓,negative
feeling 😭😭😭,negative
feeling 😡😡😡,negative
feeling 👎,negative
feeling 💔,negative
️️️,negative
😞😞😞,negative
so 😤😤,negative
💀,negative
😕😕😕,negative
feeling 😥,negative
😕😕😕,negative
so 😩😩,negative
😫😫😫,negative
😰😰,negative
😨,negative
feeling 😩😩😩,negative
🤮🤮,negative
😨😨,negative
😧😧😧,negative
feeling 💔,negative
feeling ️️️,negative
so 👎👎,negative
so 💔💔💔,negative
😖,negative
so 😧😧😧,negative
feeling 💔💔💔,negative
so 😤😤,negative
so 🤬🤬,negative
😰😰,negative
😔,negative
so 😨😨😨,negative
😔😔,negative
👎👎,negative
😣,negative
feeling 😒😒😒,negative
feeling 😢😢,negative
so ☹☹☹,negative
😫😫,negative
🙄🙄🙄,negative
😕,negative
so 💀💀💀,negative
😟,negative
😦,negative
😣,negative
😖,negative
😨😨,negative
feeling 👎,negative
so 😠😠,negative
🙁🙁,negative
😣😣,negative
so 🤢🤢🤢,negative
feeling ☹☹☹,negative
so 😕,negative
feeling 😩,negative
😨😨,negative
feeling 😦😦😦,negative
😢,negative
feeling 😞😞😞,negative
feeling 😒,negative
feeling 😔,negative
😟,negative
😩😩,negative
💔,negative
so 😭😭😭,negative
feeling 😨,negative
so 😰😰😰,negative
🤮🤮,negative
feeling 💀,negative
feeling 😨😨,negative
👎👎👎,negative
so 😕,negative
feeling 🤮🤮🤮,negative
so ️️,negative
so 🙄🙄🙄,negative
feeling 😤😤😤,negative
💔💔💔,negative
😖,negative
feeling 😣😣,negative
so 🙁🙁,negative
😫,negative
☹☹☹,negative
😰😰😰,negative
😞😞😞,negative
😢,negative
feeling 😓😓😓,negative
feeling 😨😨😨,negative
so 😒😒,negative
😩😩,negative
so 🙁,negative
😭,negative
so 🤢🤢🤢,negative
so 🙁🙁,negative
😓😓,negative
feeling 🙄🙄,negative
so 😠,negative
😒😒,negative
so 😰😰😰,negative
so 😤😤😤,negative
😢,negative
feeling 😦😦😦,negative
so 😒😒😒,negative
😔😔,negative
😕😕,negative
😫😫,negative
feeling 😢😢,negative
so ☹,negative
☹☹☹,negative
feeling 😫,negative
feeling 😭😭,negative
😧😧,negative
😒😒😒,negative
😨😨,negative
feeling 😖,negative
so 👎👎👎,negative
so 😡😡,negative
💔💔💔,negative
feeling 😥😥😥,negative
☹☹☹,negative
so 💔,negative
feeling 😠😠,negative
😢😢😢,negative
so ️,negative
😤😤😤,negative
so 🙄,negative
feeling 😣😣,negative
☹☹☹,negative
so 😞😞,negative
so 🙄🙄🙄,negative
😡,negative
so 😤😤😤,negative
so 😖😖,negative
😖😖,negative
😒😒,negative
so 😤,negative
feeling 🙄🙄,negative
feeling 😔,negative
😖,negative
so 😤😤,negative
so 😞,negative
feeling 😟😟,negative
feeling 😦😦😦,negative
🤬🤬🤬,negative
feeling 😞😞,negative
feeling 💔💔,negative
feeling 😒,negative
🙄🙄,negative
😕,negative
😖😖,negative
so 😒😒😒,negative
😧,negative
so 🤬,negative
so 🤢🤢,negative
feeling 😤😤,negative
so 😠,negative
so 😓😓,negative
so 😠😠😠,negative
so 👎,negative
💔,negative
so 😖😖😖,negative
so 😢,negative
feeling 😔😔,negative
so 😠😠,negative
feeling 😭😭,negative
😠😠,negative
feeling 😫,negative
so 😩😩,negative
feeling ️️️,negative
feeling ️️️,negative
feeling 😫,negative
feeling 😨,negative
🤢,negative
feeling 😕😕,negative
so 😫😫😫,negative
so 😭😭😭,negative
😦,negative
so 😨,negative
😩,negative
so 💔💔💔,negative
feeling 💀💀💀,negative
so 😕😕,negative
🙄🙄🙄,negative
so 😧😧,negative
👎👎👎,negative
😨😨😨,negative
😔😔😔,negative
so 😩😩,negative
feeling 👎,negative
😕😕😕,negative
so 💀💀💀,negative
😟,negative
so 💔💔💔,negative
feeling 😡😡,negative
😨😨😨,negative
feeling 😕😕,negative
feeling 😨😨😨,negative
so 🤢,negative
so 😓😓,negative
feeling 😦😦😦,negative
feeling ☹☹,negative
so 👎,negative
😒,negative
feeling 😨😨😨,negative
so 😒😒😒,negative
💀,negative
feeling 💔💔💔,negative
so 😔😔,negative
feeling 😨😨,negative
so 😣😣😣,negative
feeling 😞😞😞,negative
🙁,negative
😨,negative
so 😰😰,negative
🤢,negative
😞😞,negative
so 🤮🤮🤮,negative
feeling 😥😥,negative
😣,negative
feeling 😕😕,negative
so ️️️,negative
feeling 😧,negative
😧😧,negative
😖,negative
feeling 😥😥😥,negative
so 😠😠😠,negative
so 🤬🤬🤬,negative
feeling 😩,negative
🤮,negative
😦😦😦,negative
😡,negative
😦😦😦,negative
feeling 😔,negative
🙄🙄,negative
so 😟,negative
😡😡😡,negative
😦😦,negative
so 😢😢😢,negative
😞,negative
feeling 🤬🤬,negative
so 😢,negative
feeling ☹☹☹,negative
feeling 😢😢😢,negative
so 💀💀,negative
so 😡😡😡,negative
so 😩😩😩,negative
feeling 😣,negative
feeling 😤,negative
🤮,negative
feeling 😒,negative
feeling 😒,negative
😣😣,negative
so 🤮🤮🤮,negative
feeling 💔💔,negative
feeling 😦😦😦,negative
feeling 😦😦😦,negative
feeling 🤬,negative
so 😨😨😨,negative
😔,negative
so 😒😒😒,negative
so 💀💀,negative
feeling 😕😕,negative
feeling 😒,negative
so 😟😟,negative
so 🤮🤮🤮,negative
so 😤😤😤,negative
feeling 😣😣😣,negative
so 💔,negative
😰😰😰,negative
feeling 🤢,negative
so 😟😟,negative
feeling ☹,negative
😢,negative
feeling 😖😖😖,negative
so 😔😔,negative
😞,negative
😤😤😤,negative
🙄,negative
feeling 😡😡,negative
😨😨😨,negative
🙄,negative
so 😨😨😨,negative
💔,negative
feeling 😨😨😨,negative
feeling 👎👎👎,negative
feeling 😔😔😔,negative
😓😓😓,negative
so 🙄🙄,negative
feeling 🤬🤬🤬,negative
so 😕😕😕,negative
😠😠,negative
so 😥😥😥,negative
🙄🙄,negative
so 😧😧,negative
😥,negative
feeling 🤢,negative
😠,negative
feeling 😣😣,negative
feeling 🤢🤢,negative
feeling 😭,negative
so 😧😧,negative
😫😫,negative
feeling 😔😔,negative
feeling 💀,negative
😠😠😠,negative
💔💔,negative
feeling 👎👎👎,negative
feeling 🤢,negative
so 💀💀💀,negative
😖😖😖,negative
so 😦😦😦,negative
💀💀,negative
so 😟😟😟,negative
🤬,negative
feeling 😟😟😟,negative
😰😰,negative
so 😰😰😰,negative
feeling 😒,negative
😥😥😥,negative
so 😰,negative
feeling 😤😤,negative
so 😨,negative
👎👎,negative
feeling 😖😖😖,negative
😩😩😩,negative
so 😠😠😠,negative
😞😞,negative
😕,negative
so 😡,negative
feeling 😦😦😦,negative
so 😣😣,negative
feeling 💀,negative
feeling 💔,negative
😢,negative
so 🙄,negative
feeling 😟😟,negative
so 👎,negative
so 😫,negative
😤😤😤,negative
so 🤬🤬,negative
🤢,negative
🤮🤮,negative
so 🙄🙄🙄,negative
feeling 🤮,negative
so 💔💔💔,negative
💀,negative
so 😟😟,negative
😡😡😡,negative
feeling 🤮🤮,negative
😕😕,negative
so ☹☹☹,negative
🙄🙄🙄,negative
feeling ☹☹☹,negative
feeling 😦😦,negative
feeling 😦😦😦,negative
so 🤮,negative
so 😓😓😓,negative
so 😣,negative
😠😠😠,negative
feeling 😟😟,negative
😰,negative
😖😖😖,negative
feeling 😫😫😫,negative
feeling 😰😰😰,negative
so 😣😣😣,negative
😭,negative
so 💀💀💀,negative
😒😒,negative
🤮,negative
feeling 🙄🙄🙄,negative
so 😡😡,negative
😧😧,negative
so ️️️,negative
feeling 😒,negative
so 🤢,negative
so 😤,negative
feeling ☹☹,negative
😫,negative
😠,negative
👎,negative
😓,negative
feeling 😥,negative
feeling 😞,negative
so 🙄,negative
so 😭😭😭,negative
😡😡😡,negative
😧😧😧,negative
😭😭,negative
so 👎👎👎,negative
so 😔,negative
so 😫😫😫,negative
so 🤢🤢,negative
feeling 👎👎,negative
feeling 😞,negative
feeling 🤢🤢🤢,negative
so 😫😫,negative
😤😤,negative
so 😰😰😰,negative
feeling 🙄🙄,negative
😟,negative
😨😨,negative
so 🤮🤮🤮,negative
😣😣😣,negative
😰,negative
feeling 😔,negative
😢😢😢,negative
so 👎,negative
feeling 😓,negative
so 🤬🤬🤬,negative
so 😦,negative
feeling 😣😣,negative
😖😖😖,negative
😓😓😓,negative
feeling 👎👎,negative
so 😕😕,negative
😡,negative
so 😤😤,negative
feeling 😟😟😟,negative
😡😡😡,negative
👎👎,negative
so 🙄🙄,negative
so 🙄🙄🙄,negative
so 😞,negative
😖😖😖,negative
😤,negative
so 😫😫,negative
feeling 😰,negative
so 😩😩😩,negative
so 😤😤,negative
so 😨,negative
feeling 🤢,negative
feeling 😧😧,negative
so 😣😣,negative
so 😡😡,negative
😟,negative
feeling 😣,negative
feeling ☹☹☹,negative
feeling 😥😥,negative
feeling 😭😭,negative
so 😒,negative
😞😞😞,negative
so 😓😓,negative
😧,negative
😓😓😓,negative
so 😭😭😭,negative
so 😖,negative
so 😧😧😧,negative
😕😕,negative
so 🤢,negative
😡,negative
😢😢😢,negative
so ️️️,negative
so 😓😓,negative
feeling 💔💔💔,negative
feeling 😦😦,negative
so 😖😖😖,negative
so 😥😥,negative
so 😫😫😫,negative
feeling 💀💀💀,negative
😨😨,negative
😓😓,negative
😣😣,negative
so 😭😭,negative
so 😧😧😧,negative
feeling 😫😫😫,negative
so 😭,negative
feeling 😭,negative
feeling 😨,negative
feeling 😣😣😣,negative
😥😥,negative
so 😫😫😫,negative
😢😢😢,negative
😰😰,negative
🙁🙁🙁,negative
feeling 😒,negative
feeling 😨😨,negative
feeling 👎,negative
feeling 😠😠😠,negative
feeling 😠😠,negative
😞,negative
so 🙁,negative
so 😟,negative
👎👎👎,negative
so 😢😢,negative
feeling 😡😡😡,negative
feeling 👎👎👎,negative
😩😩,negative
😤😤😤,negative
feeling 😞,negative
🙁🙁,negative
so 🤮🤮,negative
😓,negative
so 😔,negative
so 😕😕😕,negative
💔,negative
feeling 😨😨😨,negative
🤢,negative
feeling 👎👎👎,negative
feeling 😩😩😩,negative
😧😧,negative
so 😰😰,negative
😖😖😖,negative
so 😨😨😨,negative
feeling 😥,negative
so 😨,negative
so 😤😤😤,negative
😥😥,negative
feeling 😣,negative
feeling 😤,negative
💀💀💀,negative
so 😣😣,negative
🤬🤬🤬,negative
so 😡😡😡,negative
so ️,negative
feeling 💀💀💀,negative
feeling 😡😡,negative
so 😩,negative
😕😕😕,negative
feeling 😤😤,negative
so 😞😞😞,negative
😤,negative
😥😥,negative
feeling 😩,negative
so 😡😡😡,negative
so 🤢🤢🤢,negative
😢😢😢,negative
😡😡,negative
so 😟,negative
so ☹,negative
🤬,negative
🤢🤢🤢,negative
😥😥,negative
🤢🤢🤢,negative
feeling 😩😩,negative
😟,negative
💀💀,negative
😦😦,negative
🤬🤬🤬,negative
so ☹☹,negative
so 😡,negative
👎👎👎,negative
🤢🤢🤢,negative
😫,negative
😒😒😒,negative
👎,negative
feeling 😧😧😧,negative
🙄🙄,negative
so 😫😫,negative
feeling 😦,negative
so 💔💔,negative
feeling 😩😩😩,negative
😫😫,negative
😖😖😖,negative
feeling 😓😓😓,negative
so 😔😔😔,negative
🤬🤬🤬,negative
👎👎👎,negative
feeling 😟😟,negative
so 😢😢,negative
🤢🤢,negative
so 😞😞,negative
feeling 😰😰😰,negative
so 🙄🙄🙄,negative
feeling 😞,negative
so 😔😔,negative
so 😫😫😫,negative
🙁,negative
so 😩😩😩,negative
feeling 💔💔,negative
feeling 😒😒,negative
feeling 😔,negative
😭😭,negative
feeling 😞😞,negative
😡,negative
feeling 😠😠,negative
so 🙁🙁,negative
feeling 🤮,negative
so 😠,negative
feeling 😰,negative
feeling 🤬🤬,negative
😡,negative
🤮🤮🤮,negative
😓,negative
so 😢😢,negative
so 🙁🙁,negative
feeling 😥😥😥,negative
feeling 😡😡😡,negative
so 🤢,negative
😰,negative
💔,negative
so 😠😠😠,negative
feeling 🤬🤬🤬,negative
so 👎👎👎,negative
feeling 😨,negative
💔,negative
so 😢😢😢,negative
😟,negative
😨😨,negative
feeling 😒😒,negative
🤮,negative
so 😭😭,negative
so 😣😣😣,negative
😨😨😨,negative
so 👎👎,negative
😦,negative
feeling 😭😭,negative
so 😩,negative
so 😫😫😫,negative
👎👎👎,negative
😧,negative
feeling 😨😨,negative
feeling 😦😦,negative
so ☹☹☹,negative
feeling 😧😧😧,negative
😩,negative
feeling 😫,negative
😧😧😧,negative
feeling 💔💔,negative
👎👎,negative
😓😓,negative
so 😦😦,negative
so 😨😨,negative
so 🤮🤮🤮,negative
so 😰,negative
feeling 🤮,negative
😢😢😢,negative
feeling 😞😞😞,negative
feeling ️️,negative
feeling 🙄🙄🙄,negative
feeling 😩😩😩,negative
feeling 😦😦😦,negative
so 😰,negative
feeling 😤😤,negative
😩,negative
😕😕😕,negative
feeling 👎👎👎,negative
😧,negative
so 😠😠,negative
so 😧😧,negative
so 😦😦,negative
😨😨,negative
😖😖,negative
feeling 😞😞😞,negative
so 😨😨😨,negative
feeling 😟,negative
☹☹☹,negative
so 😰,negative
feeling ☹,negative
feeling 🙄,negative
so 😩😩😩,negative
so 😣,negative
feeling 😢😢😢,negative
so 😥😥😥,negative
feeling 😦,negative
feeling 🤬🤬,negative
so 😦😦😦,negative
feeling 😫,negative
so 🙁🙁🙁,negative
feeling 😟😟,negative
so 😦😦😦,negative
feeling 😟,negative
so 🙄,negative
😦😦,negative
so 😡,negative
so 😩😩😩,negative
💀💀,negative
feeling 🤢🤢🤢,negative
so 😤😤,negative
feeling 😣,negative
so ️️,negative
so 😞😞,negative
feeling 😖,negative
feeling 😤😤,negative
😓😓,negative
feeling 😢😢,negative
feeling 🤬🤬,negative
feeling 🤢🤢,negative
😰😰😰,negative
so 💀💀,negative
so 😔😔😔,negative
😨,negative
so 🙄🙄,negative
so 😒,negative
feeling 😧,negative
so 👎👎,negative
so ☹☹☹,negative
😤😤,negative
so 😢,negative
💔💔💔,negative
so 💔💔,negative
so 🙁🙁,negative
feeling 😩😩,negative
🤮🤮🤮,negative
💔💔💔,negative
so 😭😭,negative
😦,negative
so 😭😭,negative
feeling 😒😒,negative
so 😤,negative
so 😕😕,negative
so 💔💔,negative
so 😡,negative
so 😨😨😨,negative
feeling 😤😤😤,negative
so 😞,negative
so 😭😭,negative
so 💔,negative
feeling 😨😨😨,negative
feeling 👎,negative
feeling 🤮🤮,negative
so 😠😠😠,negative
so 😞,negative
feeling 😕😕,negative
feeling 😫,negative
feeling 😔,negative
feeling 🤮🤮🤮,negative
🙁🙁🙁,negative
feeling 😰,negative
☹,negative
feeling 😧,negative
😟,negative
feeling 😨😨😨,negative
so 🙄,negative
so 😔😔😔,negative
so 🙄🙄🙄,negative
feeling 😖😖😖,negative
😦,negative
so 😓😓😓,negative
so 😫😫,negative
feeling 😡😡,negative
😔,negative
so 😕,negative
so 😧😧😧,negative
feeling 😞😞,negative
😦😦😦,negative
so 💀💀,negative
so 😫,negative
feeling 😔,negative
feeling 😢,negative
😞😞,negative
so 😖😖,negative
so 😨,negative
😨,negative
feeling 👎👎,negative
😨😨😨,negative
so 😦,negative
😥😥,negative
🙁,negative
so 😕,negative
feeling 😢,negative
😭😭,negative
so 😟,negative
so 😞😞,negative
😠😠😠,negative
feeling 😧😧,negative
feeling 😕😕😕,negative
feeling 🙁,negative
😕,negative
so 😓,negative
💀,negative
so 😟😟😟,negative
feeling 😰😰,negative
feeling ️,negative
💀💀,negative
feeling 😰😰,negative
feeling 😤😤😤,negative
😥😥,negative
😩,negative
😨😨,negative
😠😠😠,negative
so 😣,negative
😣😣,negative
feeling 😢😢,negative
feeling 💀,negative
feeling 😞😞😞,negative
😟,negative
so 😒😒,negative
🙁🙁,negative
so 😣😣,negative
so 😦😦😦,negative
😒,negative
so 😣😣,negative
feeling 😰😰,negative
👎👎👎,negative
feeling 😡😡😡,negative
️️,negative
so ☹☹☹,negative
so 😧,negative
so 💔💔,negative
😩,negative
feeling 😤😤,negative
😟😟😟,negative
so 😖,negative
😢😢,negative
😞😞😞,negative
so 😔😔😔,negative
so 🙁🙁🙁,negative
🙄🙄🙄,negative
feeling 😠😠😠,negative
feeling 🙁🙁,negative
feeling 😓,negative
😭😭😭,negative
😠,negative
😢,negative
😖😖,negative
so 😭,negative
😞,negative
so 💀💀,negative
😣,negative
😟😟,negative
😩,negative
🙄🙄,negative
so 💔,negative
feeling 😔,negative
feeling 😟😟,negative
so 🤮🤮🤮,negative
so 😩😩,negative
so 🤮,negative
so 😡😡,negative
so 💔💔💔,negative
so 😭😭,negative
so 🤬,negative
so 😦😦,negative
🤢,negative
😰😰😰,negative
feeling 😢😢😢,negative
feeling 💀,negative
🤮🤮,negative
feeling 😭,negative
so ️,negative
so 😞😞,negative
️,negative
so 😔😔,negative
💀💀💀,negative
😦😦,negative
so 😣😣😣,negative
feeling 🤢,negative
feeling 👎👎,negative
feeling 💀💀,negative
feeling 😫😫😫,negative
😫😫,negative
feeling 😡😡😡,negative
😤,negative
feeling 😧,negative
feeling 😫😫😫,negative
😫,negative
🤮🤮,negative
so 😞😞😞,negative
so 😦,negative
🙁🙁,negative
so 😩,negative
🤬🤬🤬,negative
so 😤😤,negative
so 😥😥😥,negative
feeling 😨,negative
feeling 😥😥😥,negative
so 😫,negative
so 🙁🙁,negative
feeling 🙄🙄,negative
😥😥,negative
so 🙄🙄,negative
😖,negative
😣😣,negative
so 😦,negative
so 😒😒,negative
😣😣😣,negative
so 😒😒,negative
😠,negative
😫😫,negative
😖😖,negative
feeling 😦😦😦,negative
💔,negative
feeling ️️,negative
so 😦,negative
feeling 😒,negative
😖😖😖,negative
so 😞😞,negative
feeling 😧,negative
feeling ☹,negative
so 😠,negative
😥😥😥,negative
feeling ☹☹,negative
so 😰😰😰,negative
😫😫😫,negative
so 😕😕,negative
️️,negative
😩😩😩,negative
so 😓😓,negative
so 😧😧,negative
so 😰,negative
feeling 😖,negative
feeling 🙄🙄,negative
👎,negative
so 😡😡,negative
so 😢😢😢,negative
so 🤬🤬🤬,negative
feeling 🙄🙄🙄,negative
so 😓😓😓,negative
💀,negative
feeling 😰😰,negative
feeling 😰,negative
feeling 😞,negative
so ️️,negative
👎👎,negative
feeling 😡😡,negative
so 😕😕😕,negative
so 😣😣😣,negative
🤬,negative
feeling 😥,negative
feeling ️️,negative
😢😢,negative
feeling 😥😥😥,negative
😫😫😫,negative
🤬🤬🤬,negative
feeling 😧,negative
so 🤬🤬,negative
😤😤,negative
feeling 😖😖😖,negative
so 😢😢,negative
so 😧😧,negative
feeling 😡😡😡,negative
feeling 😭,negative
so 😢😢,negative
so 👎👎👎,negative
🤮🤮🤮,negative
feeling ☹☹☹,negative
feeling 😤,negative
feeling ️️️,negative
😓😓😓,negative
feeling 😕,negative
so 😡,negative
so 😖😖😖,negative
feeling 😤😤,negative
😨😨😨,negative
😦😦,negative
😤,negative
so 😤😤😤,negative
feeling 🙄🙄,negative
feeling ️️️,negative
😢😢😢,negative
😭😭😭,negative
so 😤😤😤,negative
😢😢,negative
so ️️,negative
feeling 😥😥,negative
feeling 😖😖,negative
feeling 🤢🤢,negative
so 😓😓,negative
💔,negative
feeling 👎👎,negative
feeling 😧😧,negative
feeling 😤😤😤,negative
feeling 😒😒😒,negative
😨😨,negative
👎,negative
😧😧😧,negative
🤮🤮,negative
feeling 😟,negative
feeling 😥😥😥,negative
😒😒😒,negative
😖😖😖,negative
feeling 😞😞,negative
so ☹☹,negative
feeling 😟,negative
😡😡,negative
so 😡😡😡,negative
so 🤮,negative
😡,negative
so 😰😰,negative
so 😰,negative
feeling 😩,negative
so 😓😓,negative
feeling 😦😦😦,negative
so 😦😦,negative
so ️,negative
😰,negative
feeling 😦😦,negative
so 🤬,negative
feeling 😡,negative
🤢,negative
feeling 😕😕,negative
feeling 😨,negative
feeling 😫😫😫,negative
feeling 💀,negative
😕😕,negative
😡😡😡,negative
🙁,negative
feeling 😕,negative
so 😩😩😩,negative
😕,negative
so 🤮🤮,negative
😔😔,negative
so 😔😔😔,negative
😩😩,negative
😰😰😰,negative
feeling 🙁🙁,negative
so 😒😒,negative
feeling 😓😓😓,negative
so 😟😟😟,negative
😫,negative
so 🙄,negative
so 😣😣,negative
so 😡,negative
feeling 😟😟😟,negative
feeling 😭😭,negative
feeling ️️,negative
so 😞,negative
so 🤮,negative
🤬🤬🤬,negative
feeling 😦,negative
so 😕,negative
feeling ️️️,negative
feeling 🤮🤮,negative
so 😥😥,negative
so 🤬,negative
so 😥😥,negative
😢😢😢,negative
so 🤬,negative
🤢🤢🤢,negative
🙄🙄,negative
so ☹,negative
😠😠,negative
😭😭,negative
feeling 😫😫,negative
😠😠😠,negative
so 💔💔,negative
🤬🤬🤬,negative
😞,negative
☹☹☹,negative
so 😨😨,negative
feeling 🙄,negative
so 🙄,negative
so 😔,negative
🤬🤬,negative
feeling ☹,negative
so 😫😫,negative
feeling 🤬🤬,negative
feeling 👎👎,negative
😡😡😡,negative
feeling 😨😨😨,negative
so 😓😓😓,negative
😠😠,negative
so 😖😖😖,negative
feeling 🤬🤬,negative
🙁🙁,negative
😖,negative
so 🤮,negative
feeling 💔💔💔,negative
🤮🤮,negative
so 🙁🙁🙁,negative
feeling 😥😥😥,negative
so 😢😢😢,negative
so 💔💔💔,negative
feeling 😓😓😓,negative
😢,negative
️️,negative
feeling 🤢,negative
😢,negative
feeling ☹☹,negative
feeling 🤬🤬,negative
feeling 😓😓,negative
so 🙄,negative
😧😧😧,negative
so 😤😤😤,negative
🙄🙄,negative
😧,negative
😕😕,negative
so 😖,negative
💀💀💀,negative
so 😞😞😞,negative
feeling 😭😭,negative
feeling 👎👎,negative
🙁🙁,negative
🙁🙁,negative
feeling 😤,negative
so 😟,negative
so 😰,negative
so 😣,negative
feeling 😰,negative
🤢🤢🤢,negative
feeling 🤢🤢🤢,negative
so 👎👎👎,negative
😣,negative
so 😩,negative
feeling 😒😒,negative
🤮🤮🤮,negative
😨😨😨,negative
so 😕😕😕,negative
😫,negative
feeling 😕😕,negative
so ☹☹☹,negative
so 😢😢😢,negative
so 😨😨😨,negative
😖😖,negative
so ☹,negative
😟😟,negative
so 😔😔,negative
😒,negative
feeling 😫😫😫,negative
so 🤢🤢🤢,negative
😓😓😓,negative
feeling ️,negative
😥,negative
so 😭😭,negative
feeling 😦😦,negative
feeling 😡😡😡,negative
feeling 🙁,negative
feeling 😣😣😣,negative
feeling 🤮🤮,negative
feeling ☹☹☹,negative
feeling 😨😨😨,negative
feeling 😕,negative
😡😡😡,negative
feeling 😠,negative
so ️,negative
so 👎👎👎,negative
😟😟,negative
so 😫,negative
feeling 😓😓😓,negative
so 😦😦,negative
so 😦😦😦,negative
so ☹☹,negative
feeling 🤬,negative
so 😓😓,negative
so 😦😦,negative
feeling 😔😔😔,negative
💔💔💔,negative
😰😰,negative
feeling ☹,negative
so 😫😫,negative
feeling ️️️,negative
feeling 💀💀💀,negative
😢😢😢,negative
feeling 😡😡😡,negative
so 😓,negative
feeling 😤😤😤,negative
feeling 😭,negative
feeling 🤬🤬🤬,negative
feeling 🤬🤬🤬,negative
feeling 😟😟,negative
️,negative
so 😞,negative
🤮,negative
so 😦😦,negative
🙄🙄🙄,negative
👎👎,negative
😒,negative
😠😠,negative
😥😥,negative
feeling 😣😣😣,negative
😡,negative
☹☹☹,negative
so 😖😖😖,negative
😟,negative
so 🤬🤬,negative
😧😧😧,negative
so 👎,negative
so 😖😖😖,negative
😞😞,negative
so 😖😖😖,negative
😠,negative
🙁🙁🙁,negative
so 🤢,negative
so 👎👎👎,negative
so 😭😭,negative
so 👎,negative
😤😤😤,negative
so 😩,negative
🤢,negative
feeling 💀,negative
feeling 😰😰😰,negative
feeling 😦😦,negative
so 🙄🙄🙄,negative
so 😩😩😩,negative
so 😢,negative
so 🤬,negative
😕,negative
feeling 🤬,negative
😟,negative
feeling 🤬🤬🤬,negative
😰😰,negative
😣😣,negative
😰😰,negative
so 😡😡😡,negative
feeling 😣😣,negative
feeling 😭😭,negative
😦😦,negative
feeling 😒😒,negative
😡,negative
😧😧😧,negative
so 💀💀,negative
feeling 😢,negative
👎👎👎,negative
feeling ️,negative
so 🤮🤮,negative
😦😦,negative
🤢🤢,negative
so 💔💔💔,negative
so 😕😕😕,negative
feeling 😭,negative
feeling 👎👎,negative
️️,negative
feeling 😧,negative
feeling 😨😨,negative
feeling 😓😓😓,negative
feeling 😭😭,negative
😒😒😒,negative
so 😥😥,negative
feeling 😓,negative
so 😧😧,negative
feeling 🤢🤢,negative
😰😰,negative
so 😫😫😫,negative
so 😖,negative
😟,negative
😧😧,negative
feeling 😠,negative
so 😕😕😕,negative
feeling 💀💀,negative
feeling 😕😕😕,negative
so 😕😕,negative
feeling 😰,negative
feeling 😨,negative
feeling 🤮🤮,negative
feeling 😢😢,negative
😒😒😒,negative
feeling 😕😕,negative
so 😟😟,negative
so 🤢🤢🤢,negative
feeling 😠,negative
so 😣😣,negative
feeling ️️,negative
feeling 😥,negative
feeling 😤😤😤,negative
😤😤,negative
feeling 💀💀,negative
so 😥😥,negative
so 👎👎👎,negative
feeling 😒😒😒,negative
feeling 😠😠,negative
feeling 💔💔💔,negative
so 😒😒😒,negative
so 😞😞😞,negative
feeling 🙄🙄🙄,negative
so 👎👎,negative
feeling 💀💀,negative
feeling ️️️,negative
😣,negative
so 🤮🤮🤮,negative
so 😢😢,negative
so 😕😕😕,negative
so 😰,negative
feeling 🤮🤮,negative
😓😓😓,negative
😦,negative
feeling 😓😓,negative
😥😥😥,negative
so 😰😰😰,negative
feeling 🙄🙄🙄,negative
😥😥,negative
😧😧😧,negative
💔💔💔,negative
so 🤬,negative
feeling ☹,negative
🙄🙄,negative
feeling ️,negative
so 😢,negative
so 👎👎👎,negative
feeling 😒,negative
feeling 😡😡,negative
💀💀,negative
😟😟,negative
feeling 😓😓,negative
😦😦,negative
🤬,negative
so 😓,negative
👎👎,negative
😕😕😕,negative
so 💀,negative
so 😟😟😟,negative
so 😟😟,negative
so 😫😫😫,negative
feeling 👎👎,negative
so 😞😞,negative
so ️,negative
so 💀,negative
so 😰😰😰,negative
feeling 😥😥,negative
😢😢,negative
😣,negative
feeling 😞,negative
feeling 😭😭😭,negative
feeling 😞😞😞,negative
☹☹,negative
feeling 😨,negative
😰😰,negative
😒😒😒,negative
so 😕😕,negative
feeling 🤬,negative
so 😕😕,negative
feeling 😓,negative
🙄🙄🙄,negative
feeling 💀💀💀,negative
feeling 😭😭😭,negative
so 🤢,negative
😓,negative
feeling 🙄,negative
so 🙁🙁🙁,negative
so ️️️,negative
️️,negative
feeling ️️️,negative
feeling 🙁🙁🙁,negative
so 💔💔,negative
so 😭😭😭,negative
😥,negative
😫,negative
🤮,negative
so 👎👎👎,negative
😔,negative
so ☹☹☹,negative
so 😖😖,negative
☹☹,negative
😒😒,negative
so 🙄🙄🙄,negative
️,negative
feeling 💔💔,negative
so 😡,negative
feeling 🙄🙄🙄,negative
😠😠😠,negative
😩😩,negative
so 🤮🤮🤮,negative
so 😦,negative
🤢,negative
😢😢😢,negative
😞,negative
so 💀💀,negative
feeling 🤬🤬🤬,negative
😭,negative
😣😣,negative
so 💔💔,negative
so ☹,negative
feeling 😤,negative
so 😫,negative
so 💀💀,negative
so 😧😧,negative
feeling 😧😧,negative
feeling 😠😠,negative
so ☹☹☹,negative
😥😥😥,negative
😤,negative
😟😟,negative
😥,negative
feeling 😭,negative
😖,negative
so 💔💔💔,negative
feeling 😫😫😫,negative
feeling 💔💔💔,negative
feeling 😧😧,negative
feeling 😦😦😦,negative
😥😥😥,negative
😧😧😧,negative
️️,negative
so ☹☹☹,negative
😔😔😔,negative
😞😞😞,negative
😧😧,negative
feeling 🤮🤮,negative
feeling 😨😨,negative
so 😒😒,negative
😖😖😖,negative
feeling 😔,negative
😢😢😢,negative
😞😞😞,negative
so 😦😦😦,negative
so ️️,negative
so 😓😓,negative
feeling 😣,negative
so 🤮🤮,negative
so 🤬🤬🤬,negative
😢😢,negative
😣,negative
️️️,negative
feeling ️,negative
so ️️️,negative
so 😓😓😓,negative
so 😨😨😨,negative
so 👎,negative
feeling 😰😰,negative
😢😢😢,negative
so 😞😞😞,negative
😫,negative
😖😖,negative
😞😞,negative
so 💀,negative
feeling 😟😟,negative
😒,negative
so 😒,negative
feeling 😡😡😡,negative
👎,negative
feeling 😣😣,negative
😧,negative
so 😩😩,negative
so 🙄,negative
so 😫,negative
so 🤢,negative
so 😥😥😥,negative
😖😖😖,negative
so 😧,negative
😧😧,negative
so 😕,negative
😞😞😞,negative
so 😟😟😟,negative
so 😠😠😠,negative
feeling 🙄🙄,negative
👎👎👎,negative
feeling 💀💀,negative
😭😭,negative
so 😢😢,negative
so ☹☹☹,negative
😧😧😧,negative
so 😞😞,negative
so 😟😟😟,negative
😰,negative
so 😥😥,negative
so 👎👎,negative
🤮,negative
️,negative
so 🤮🤮🤮,negative
feeling 😰😰😰,negative
so 😧😧,negative
so 😠😠,negative
😭😭😭,negative
so 😫😫,negative
feeling 😣😣,negative
😨😨😨,negative
feeling 😰😰😰,negative
so 😩😩,negative
😢😢😢,negative
so 😡,negative
so 😤,negative
feeling 😨😨😨,negative
feeling 😢😢,negative
☹,negative
👎,negative
so 👎👎,negative
😖,negative
so 😣😣,negative
😖😖😖,negative
feeling 😣,negative
so 💀💀,negative
so 😭😭,negative
🙁🙁🙁,negative
feeling 😕😕😕,negative
feeling 👎,negative
so 😥😥,negative
feeling 😭😭😭,negative
feeling 😩😩,negative
so ️,negative
so 😢😢😢,negative
feeling 🤬🤬🤬,negative
😦😦,negative
so 😰😰,negative
so 😕,negative
☹☹,negative
feeling 🤬,negative
feeling 😟😟😟,negative
😕😕,negative
feeling 😡😡😡,negative
🙁🙁🙁,negative
feeling 🙄,negative
feeling 💀💀,negative
😨,negative
so 😟,negative
so 😤😤😤,negative
😫😫,negative
feeling 🤬🤬,negative
so 😩😩😩,negative
🤮,negative
😡😡,negative
😡,negative
so 🤬,negative
feeling 😞😞,negative
so 😞,negative
feeling 😒😒😒,negative
feeling 😒😒😒,negative
feeling 😫😫😫,negative
🤬,negative
feeling ☹☹,negative
🙄,negative
so 😤😤,negative
😡,negative
so 👎,negative
so 😡😡,negative
feeling 😔😔😔,negative
feeling 👎👎,negative
feeling 😟😟😟,negative
so 🙄🙄,negative
feeling 😡,negative
😡😡😡,negative
feeling 😨😨😨,negative
so 😥,negative
so 😩,negative
😠😠😠,negative
so 😦😦😦,negative
🙄,negative
😢😢😢,negative
👎👎,negative
so 😤,negative
feeling 💀,negative
️️️,negative
so 🙄,negative
feeling 😫😫,negative
💔💔💔,negative
feeling ️,negative
feeling 🙁🙁,negative
😔😔😔,negative
😰😰,negative
so 😣😣😣,negative
so 😓😓,negative
😤😤😤,negative
so 😧😧,negative
so ☹☹,negative
feeling 💀💀💀,negative
😔😔😔,negative
🤬🤬,negative
feeling 👎👎👎,negative
so 😡😡,negative
feeling 😣,negative
so 😧,negative
feeling 😫😫,negative
so 😕😕,negative
feeling 🤮🤮,negative
feeling 😫,negative
️️,negative
so 😢,negative
so 😟😟,negative
😥,negative
feeling 😡,negative
feeling 😩😩,negative
feeling 😠,negative
feeling 😡😡😡,negative
😧😧,negative
😖,negative
😠😠😠,negative
so 😧😧,negative
feeling 🙄🙄🙄,negative
feeling 😖😖,negative
feeling 😣,negative
so 😕😕😕,negative
so 🤮🤮,negative
😟,negative
so 😨,negative
so 🤬,negative
🙄🙄,negative
🤬🤬,negative
😩😩,negative
feeling 😫,negative
so 😭😭,negative
😦😦😦,negative
😰😰😰,negative
feeling 😟😟😟,negative
so 😕😕,negative
so 🤬🤬,negative
so 😡,negative
😥,negative
feeling 😩😩😩,negative
so 😣😣😣,negative
so 🤮,negative
😤,negative
so ☹☹☹,negative
😓😓😓,negative
😕,negative
feeling 😤😤,negative
😰😰,negative
so 😠😠,negative
😫,negative
so 😠😠😠,negative
😟😟😟,negative
feeling 😢😢,negative
😩😩,negative
feeling 🙄🙄,negative
so 😒😒😒,negative
😦😦😦,negative
😕,negative
feeling 🤢🤢,negative
so 😧😧😧,negative
so 😕😕,negative
so 😖😖,negative
so 🤮🤮🤮,negative
feeling 😟😟,negative
😥😥,negative
so 🙁🙁,negative
feeling ☹☹,negative
feeling 😔😔,negative
😟😟😟,negative
so 🙁🙁,negative
so 😢,negative
so 😫😫,negative
so 🤮🤮🤮,negative
😠😠,negative
😔😔,negative
so 😰😰,negative
feeling 🤢🤢🤢,negative
😰😰,negative
feeling 🙄🙄,negative
feeling 🙁🙁🙁,negative
feeling 😤😤,negative
so 😢,negative
feeling 😔,negative
☹,negative
😤,negative
😤😤,negative
🤢🤢,negative
😠😠😠,negative
so 😩😩,negative
feeling 😟😟😟,negative
☹☹☹,negative
👎👎👎,negative
😰😰,negative
so 😰,negative
🤬,negative
so ☹☹☹,negative
🙄🙄🙄,negative
😖😖😖,negative
feeling 😓,negative
😭😭😭,negative
😧😧,negative
feeling 😒😒,negative
🤢🤢🤢,negative
😩😩,negative
feeling 😭,negative
feeling 😭😭😭,negative
feeling 😖😖😖,negative
so 😔😔😔,negative
feeling 😕,negative
👎,negative
so 💀,negative
so 😨,negative
feeling 😰😰😰,negative
feeling 😟😟,negative
so 😠😠,negative
feeling 🙄🙄🙄,negative
so 💔💔,negative
so ☹,negative
feeling 😫,negative
so 💔💔,negative
feeling 😰,negative
feeling 💀💀,negative
so 😠😠😠,negative
so 😠😠,negative
feeling ☹☹☹,negative
feeling 😰,negative
😩😩,negative
😨😨😨,negative
😦😦,negative
feeling 😠😠,negative
feeling 😫,negative
feeling 😧😧😧,negative
💔💔,negative
so 👎,negative
😟😟,negative
😒,negative
so 😞😞,negative
feeling 😣😣,negative
feeling 😤😤😤,negative
so 😨😨,negative
😦,negative
so 😡😡,negative
feeling ️️,negative
😟😟,negative
😒😒😒,negative
so 🤮🤮,negative
so 😰😰😰,negative
feeling 😦😦,negative
feeling 😩😩😩,negative
feeling 😠,negative
😫😫,negative
so 🙄🙄🙄,negative
feeling 🤮🤮,negative
so 😫,negative
so 💀💀💀,negative
feeling 😫😫,negative
feeling 😔😔😔,negative
so 🤢🤢🤢,negative
feeling 😤😤😤,negative
feeling 🤬,negative
😒,negative
feeling 😩,negative
feeling 😞😞,negative
so ️️️,negative
feeling 😫,negative
feeling 🤬🤬,negative
feeling 👎👎,negative
💔💔💔,negative
so 🤬🤬🤬,negative
😔,negative
so 😞,negative
feeling 🙁🙁🙁,negative
feeling 😕,negative
so 😒😒😒,negative
feeling 😧,negative
feeling 😖😖😖,negative
😕,negative
so 😟😟😟,negative
😡,negative
so 😥😥😥,negative
feeling 😖,negative
so 😓😓,negative
😞😞,negative
so 🤬🤬,negative
feeling ️️️,negative
😡😡😡,negative
feeling ☹☹,negative
so 🤢🤢🤢,negative
feeling 🤢🤢🤢,negative
☹☹☹,negative
feeling 😦😦😦,negative
so 💀💀,negative
☹,negative
feeling 😣😣😣,negative
☹☹,negative
😭😭,negative
feeling 🤬🤬🤬,negative
so ☹,negative
so 😞,negative
😞,negative
😧😧,negative
😓😓😓,negative
feeling 😨😨😨,negative
so ☹,negative
😭,negative
so 😤😤,negative
feeling 😞😞,negative
so ️️,negative
so 🤮🤮🤮,negative
😩,negative
so 😖😖😖,negative
😖😖😖,negative
feeling 😩😩,negative
😟😟,negative
so 💀💀💀,negative
feeling ☹☹,negative
🤮,negative
😤,negative
feeling 💔💔,negative
so 😧😧,negative
so 💔💔💔,negative
so 😤😤😤,negative
☹,negative
feeling 😥,negative
️️,negative
😕😕😕,negative
feeling 😫,negative
feeling 💀💀,negative
so 😡😡,negative
so 😞,negative
so 😰😰😰,negative
😰😰😰,negative
feeling 😔😔😔,negative
😟,negative
so 😭,negative
so 😓,negative
feeling 😭😭😭,negative
so 😨,negative
so 👎👎👎,negative
feeling 😖,negative
feeling 😨😨😨,negative
😧😧😧,negative
😧😧😧,negative
feeling 😒😒😒,negative
feeling 💀💀,negative
so ️️,negative
feeling 😤😤,negative
so 💔💔💔,negative
so 👎👎👎,negative
so 😓,negative
so 😧,negative
😓😓😓,negative
😫😫,negative
so ☹☹,negative
feeling 🤢,negative
feeling 😓,negative
so 😞😞😞,negative
feeling 😭😭,negative
so 😭,negative
feeling 😦😦😦,negative
so 😖😖😖,negative
😠😠😠,negative
😨,negative
feeling 😨😨😨,negative
😕,negative
😠😠😠,negative
feeling 💀💀💀,negative
🤢🤢,negative
feeling 😭,negative
😕😕😕,negative
so 😖,negative
feeling 💔,negative
feeling 🤮🤮🤮,negative
feeling 😓😓😓,negative
☹,negative
so 🤬🤬🤬,negative
so 😖😖😖,negative
feeling 😠😠,negative
so 😩,negative
😔,negative
😤,negative
feeling 🤮,negative
feeling 😥😥😥,negative
so 😨😨😨,negative
so 👎👎👎,negative
😩😩,negative
👎,negative
🙄,negative
feeling 💀,negative
so 😔😔,negative
🤢🤢🤢,negative
feeling 😥😥,negative
feeling 😟,negative
😫😫,negative
feeling 😖😖,negative
😓,negative
so ☹☹,negative
😦😦,negative
so 😧😧😧,negative
feeling 😔,negative
so 😰,negative
so 😢😢,negative
so 😓😓,negative
🤢🤢🤢,negative
so 😓,negative
so ️️,negative
👎,negative
😟😟,negative
so 👎👎,negative
feeling 😰😰😰,negative
😓,negative
😨😨😨,negative
😦,negative
feeling 👎👎👎,negative
so 😦😦,negative
😞😞,negative
feeling 😤,negative
feeling ️️,negative
so 🙄,negative
feeling 💀💀,negative
feeling 😥😥,negative
so 😨😨😨,negative
feeling 💀💀,negative
💀💀,negative
so 😭,negative
so 😔,negative
😤,negative
so 🤬🤬🤬,negative
😟,negative
so 👎👎,negative
so 😡,negative
so 🤢,negative
😒😒😒,negative
so 💔💔💔,negative
😫,negative
😤😤😤,negative
feeling 🤮🤮🤮,negative
😰😰,negative
feeling 💀💀💀,negative
feeling 😩,negative
so 😠😠,negative
so 😧😧😧,negative
so 😨,negative
️️️,negative
so 😥😥,negative
so 😒😒😒,negative
feeling 🙄,negative
so 🤮🤮🤮,negative
feeling 🤮,negative
feeling 😣😣,negative
feeling 😔,negative
so 😤,negative
😕😕😕,negative
so 😟😟😟,negative
feeling 😡😡😡,negative
so 🤬🤬🤬,negative
so 😧,negative
🙄🙄🙄,negative
so ️️️,negative
so 🤮,negative
😒😒,negative
feeling 😫😫,negative
feeling 😩😩,negative
so 😧,negative
so 😢😢,negative
😤😤,negative
so 😓😓😓,negative
so 💔💔,negative
feeling 😕😕,negative
feeling 🤢,negative
so 🤬,negative
feeling 😖😖,negative
☹☹,negative
feeling 😞😞,negative
so 😒😒,negative
😦😦,negative
so 😢,negative
😒😒,negative
feeling 😒😒,negative
so 😧,negative
😟😟,negative
so 🤬🤬🤬,negative
feeling 😕😕,negative
😭,negative
so 🙁🙁,negative
😫,negative
feeling 😫😫😫,negative
😒,negative
😢😢,negative
feeling 😠,negative
so 🤢🤢🤢,negative
so 😢😢😢,negative
💔💔,negative
😰😰,negative
so 👎👎,negative
so 😠,negative
feeling 👎,negative
so 🙄🙄,negative
👎👎👎,negative
so ☹,negative
😢,negative
so 😓😓😓,negative
so 🙁🙁,negative
feeling 😞😞,negative
so 😣😣😣,negative
so 😧,negative
so 😖😖😖,negative
so 😫,negative
so 😰,negative
so 💔,negative
so 😧,negative
so 😡,negative
😒😒,negative
so 😢,negative
so 😒😒,negative
so 🤬🤬🤬,negative
😟😟😟,negative
🤢🤢🤢,negative
feeling 😫😫😫,negative
so 🙁🙁🙁,negative
💀,negative
😰,negative
so ️️,negative
so 😢😢,negative
so 😠,negative
so 😠😠😠,negative
so 😔,negative
so 🤢,negative
feeling ☹,negative
feeling 💔,negative
so 🤢🤢,negative
so 😠😠,negative
so 😕😕😕,negative
🙄,negative
feeling 😭😭😭,negative
feeling 😔😔,negative
so ☹,negative
feeling 😣,negative
😰,negative
so 😰😰😰,negative
💔,negative
😒😒,negative
😔,negative
😨😨,negative
😦😦,negative
feeling 💀,negative
so 😰,negative
feeling 😢😢😢,negative
😕😕😕,negative
so 🤢🤢,negative
🙄🙄,negative
😤😤,negative
so 🙁,negative
💔,negative
so 😒😒😒,negative
so 😣,negative
so ️️,negative
👎,negative
feeling ☹,negative
so ️,negative
so 😰,negative
feeling 💀💀💀,negative
so 😧😧,negative
😥,negative
so 😟😟,negative
feeling 😟😟,negative
feeling 😰😰,negative
so 😕,negative
so 😒😒,negative
feeling 😰😰😰,negative
feeling 🤮🤮,negative
😰😰,negative
so 😨😨,negative
😫😫😫,negative
so 🙄🙄,negative
so 😔,negative
feeling 😧😧😧,negative
so 😒,negative
feeling 😡😡,negative
😧,negative
feeling 🤮🤮🤮,negative
feeling 💔💔,negative
feeling 😔😔,negative
feeling 😞😞,negative
feeling 💔,negative
feeling 😢😢😢,negative
feeling 😤😤😤,negative
feeling 😩,negative
so 🤮🤮,negative
feeling 😥😥😥,negative
feeling 😢,negative
so 💔,negative
😨😨😨,negative
feeling 💀,negative
😔,negative
😠,negative
feeling 😢😢😢,negative
🤢🤢🤢,negative
so 😕😕,negative
feeling ️️,negative
so 😒,negative
😦😦,negative
🙁,negative
feeling ️,negative
so 😨😨😨,negative
feeling 🤢🤢,negative
so 😢😢😢,negative
😡,negative
feeling 😟,negative
feeling 😔,negative
feeling 😦😦,negative
feeling 😖,negative
feeling 😓,negative
so 🙄🙄🙄,negative
so 😓😓,negative
🤮🤮,negative
🙄🙄🙄,negative
🤬🤬🤬,negative
so 😥😥😥,negative
so 😩,negative
☹☹,negative
so 😦😦,negative
feeling 🙄🙄🙄,negative
feeling 😖,negative
feeling 😦😦,negative
feeling 😩,negative
feeling 🙁,negative
🤮🤮,negative
feeling 😟😟,negative
feeling 😡😡,negative
feeling 😩😩😩,negative
so 😣,negative
so ☹☹☹,negative
😟😟😟,negative
feeling 🤢,negative
feeling 🙁🙁,negative
feeling ☹☹,negative
😕😕,negative
feeling 👎,negative
so 😨😨😨,negative
feeling 😟,negative
so 😨😨😨,negative
😨😨😨,negative
so 😫😫😫,negative
so 💔,negative
so 😞😞😞,negative
😔,negative
😠😠😠,negative
😖😖😖,negative
so 😧😧,negative
😦,negative
😨😨,negative
so 😨😨,negative
feeling 🙁,negative
feeling 😞😞😞,negative
👎👎👎,negative
😒😒😒,negative
🙄🙄🙄,negative
so 😭😭,negative
feeling ️️️,negative
so 😞,negative
so 😓,negative
🙄🙄🙄,negative
feeling ️️,negative
so 😡😡😡,negative
😕,negative
feeling 😭😭😭,negative
😨😨,negative
so 😥😥,negative
😤,negative
feeling 😡😡😡,negative
😠😠😠,negative
so 😫😫,negative
feeling 😖😖,negative
so 😟😟,negative
😩😩,negative
feeling 😞😞,negative
feeling ️,negative
😔😔,negative
so 😟😟,negative
feeling ☹☹,negative
so 😦😦😦,negative
feeling 💀💀💀,negative
so 😠😠,negative
feeling 😞😞,negative
so 😥😥😥,negative
feeling ☹,negative
so ️️️,negative
feeling 😩😩😩,negative
☹,negative
😓,negative
😨😨😨,negative
so 😧😧😧,negative
so 😤,negative
😔,negative
feeling 💔,negative
so 😔,negative
feeling 😭😭😭,negative
feeling 😠,negative
so ☹,negative
💔💔,negative
🤮,negative
feeling 👎👎,negative
feeling ☹,negative
so ️,negative
so 😣😣😣,negative
😦😦,negative
feeling 💔💔💔,negative
😓😓,negative
so 😧😧😧,negative
feeling 😡😡😡,negative
💔,negative
so 😧😧,negative
so 😤,negative
feeling 💀💀💀,negative
feeling 😰😰😰,negative
😧😧,negative
so 😓😓😓,negative
so 🤢🤢🤢,negative
feeling 😰,negative
😤😤😤,negative
so 👎👎👎,negative
👎,negative
️,negative
feeling 😢,negative
😥,negative
😔,negative
so 💔💔,negative
feeling 😫😫,negative
feeling 😩😩,negative
feeling 😖,negative
feeling 😕😕,negative
so 🤬🤬,negative
😰😰😰,negative
so 😫😫,negative
so 😕,negative
feeling 👎👎,negative
☹☹,negative
feeling 😢😢😢,negative
so 😠😠😠,negative
so ☹☹,negative
feeling 😫😫😫,negative
feeling ️️️,negative
feeling 😭😭,negative
feeling 😒,negative
😕😕,negative
feeling 😤😤,negative
😡,negative
😠😠,negative
so 😥😥,negative
so 😤,negative
😭,negative
feeling 😒,negative
feeling 😟,negative
feeling 💀💀💀,negative
feeling 😥😥,negative
so 🤢,negative
so 😫😫,negative
feeling 🙁🙁🙁,negative
😖😖😖,negative
feeling 🤢,negative
so 😡😡😡,negative
🤬🤬🤬,negative
so 💔💔,negative
️️️,negative
so 😤,negative
so 😕😕😕,negative
feeling 🤢,negative
😭,negative
😥😥😥,negative
😭😭,negative
feeling 😠😠😠,negative
feeling 😧😧,negative
😥,negative
feeling 😰😰😰,negative
so 😕,negative
feeling ☹☹☹,negative
so 😖😖😖,negative
🤢,negative
😨😨,negative
😰😰😰,negative
feeling 😞,negative
😠😠😠,negative
so 😔😔,negative
so 😒😒😒,negative
feeling 😨😨,negative
feeling 🙁🙁🙁,negative
😣😣😣,negative
feeling 😡😡,negative
feeling 🙁🙁,negative
so 😟😟,negative
😟😟😟,negative
feeling 😒,negative
feeling 😖😖,negative
so 😟😟😟,negative
feeling 😧😧😧,negative
😰😰😰,negative
feeling 😕,negative
feeling 😖😖,negative
so 💔💔,negative
so 🤮🤮,negative
feeling 😥😥😥,negative
so 😣😣😣,negative
so 😒😒,negative
😰😰,negative
so 😰😰😰,negative
😠😠😠,negative
so 😓😓😓,negative
so 🤢🤢,negative
so 😩😩😩,negative
feeling 😓😓,negative
so 😓😓😓,negative
🙁🙁,negative
😰😰,negative
feeling 👎👎,negative
😞😞,negative
feeling 😨,negative
so 😤😤,negative
feeling 😤😤😤,negative
so 😭,negative
feeling 💔💔💔,negative
🙄,negative
feeling 😓😓,negative
feeling 😣😣😣,negative
so 😧😧,negative
😒,negative
so 😣😣😣,negative
feeling 😨😨,negative
😔😔,negative
🙄,negative
😖😖😖,negative
feeling 😨😨,negative
😰😰😰,negative
so 🤮🤮🤮,negative
feeling 🙁,negative
feeling 👎👎👎,negative
😓😓,negative
feeling 😕😕😕,negative
🤮,negative
so 😤,negative
💔💔💔,negative
😧😧,negative
feeling 😓😓,negative
feeling 😓😓,negative
so 😠😠😠,negative
feeling 😔,negative
😞😞,negative
feeling ️️️,negative
so 💔,negative
so 😧😧😧,negative
feeling ☹☹☹,negative
😦😦😦,negative
so 😕,negative
so 😔😔,negative
feeling 😡,negative
feeling 😔😔😔,negative
so 🙄,negative
so ☹,negative
☹☹☹,negative
😣😣,negative
💀,negative
😩,negative
feeling 💀💀,negative
so 😩😩😩,negative
so 😟,negative
️️,negative
feeling ☹☹☹,negative
feeling 😔😔😔,negative
feeling 😖,negative
feeling 😠,negative
💔💔,negative
😞😞,negative
😢😢,negative
😦😦,negative
so ️️,negative
feeling 😤😤,negative
👎👎,negative
😟😟😟,negative
feeling 🙄🙄🙄,negative
so 🤬🤬,negative
😕,negative
so 🤢🤢,negative
feeling 😩😩😩,negative
😭😭😭,negative
feeling 😣😣😣,negative
🙄,negative
so 💔💔💔,negative
so 😞,negative
😞😞,negative
so 😟😟😟,negative
so 😟,negative
😡😡,negative
feeling 😢😢😢,negative
so 😕,negative
so 😞,negative
so 🙁,negative
so 🤮🤮,negative
😞😞😞,negative
so 😟😟,negative
so 😓😓😓,negative
so 😥,negative
so 😖,negative
feeling 😟😟😟,negative
😕😕,negative
so 😖😖,negative
so 😠😠,negative
😕😕😕,negative
so 😥,negative
🙁🙁,negative
😢😢,negative
😠😠😠,negative
feeling 😭😭,negative
so 🤢🤢🤢,negative
so 😦😦,negative
🤮🤮🤮,negative
😡,negative
☹,negative
so 😨😨,negative
so ☹☹,negative
feeling 😤😤,negative
😦😦,negative
feeling 😩😩,negative
😢😢,negative
so 😠,negative
feeling 💔,negative
so 😨,negative
🙁🙁,negative
👎👎,negative
feeling 😫😫😫,negative
💔,negative
️,negative
🙄🙄🙄,negative
so 😥😥,negative
so 🤬,negative
feeling 😥,negative
🙄🙄🙄,negative
feeling 👎,negative
so 😡,negative
😤😤,negative
feeling ️,negative
😖😖😖,negative
feeling 😨,negative
so 😭😭😭,negative
feeling 😡😡,negative
so 😧,negative
feeling 😓😓😓,negative
so 👎👎👎,negative
😓😓,negative
feeling 🤮🤮,negative
feeling 😕,negative
feeling 💔,negative
feeling 😣😣,negative
so 😤,negative
️,negative
so 💔,negative
feeling 😔,negative
😔,negative
so 💔💔,negative
😩😩,negative
so 😟😟😟,negative
feeling 🙄🙄🙄,negative
feeling 💔,negative
☹,negative
feeling 😦😦,negative
feeling 😟😟😟,negative
feeling 🙁🙁,negative
so 👎👎,negative
feeling 🙁🙁,negative
so 🤬🤬,negative
️️,negative
so 🤮,negative
so 🤮🤮🤮,negative
feeling 😓😓😓,negative
😡😡😡,negative
feeling 💀,negative
😞😞😞,negative
so 😥😥😥,negative
😩,negative
feeling 😞😞,negative
so 🤬,negative
so 😨😨,negative
so 🤬🤬,negative
so 😕,negative
so 😟😟😟,negative
feeling 😨😨,negative
🙁🙁🙁,negative
so 💀💀💀,negative
😠😠😠,negative
feeling 😦,negative
so ️,negative
feeling ☹☹,negative
so 😭😭😭,negative
💔💔💔,negative
🤬🤬,negative
😕😕,negative
feeling 🤬,negative
so 🙁,negative
😦,negative
😡,negative
😩😩,negative
feeling 😭😭😭,negative
so 😟😟😟,negative
so 😩😩,negative
🤮🤮🤮,negative
feeling 😭😭,negative
feeling 😢,negative
so 👎👎👎,negative
so 😢😢,negative
so 💔💔,negative
feeling 😖😖😖,negative
so 😞,negative
so 🤮,negative
feeling 😤,negative
so 😥,negative
so 😨,negative
😞😞,negative
so 😭😭,negative
so 💀💀💀,negative
so 👎👎,negative
😨😨,negative
so 🙄,negative
😟😟😟,negative
feeling 😨,negative
feeling 😔😔,negative
feeling 😨😨😨,negative
😫😫😫,negative
so 😟😟,negative
😓😓😓,negative
so 💀,negative
☹☹,negative
feeling 🤮🤮,negative
so 😔,negative
😩😩,negative
feeling 🙁🙁🙁,negative
so 😢😢,negative
so 😦,negative
feeling 😓,negative
so 😒😒😒,negative
so 💀💀,negative
so ️️️,negative
feeling 🙄,negative
so 😫,negative
feeling 😢😢,negative
feeling 😤😤,negative
so 😖😖😖,negative
feeling 🤬,negative
feeling 😕😕😕,negative
so 🤮,negative
feeling 😣😣😣,negative
🤬,negative
feeling 😢😢😢,negative
so 😒😒😒,negative
😓,negative
feeling 🤬🤬🤬,negative
so 🙁🙁🙁,negative
so 😦😦,negative
😔,negative
so 💀💀💀,negative
☹☹,negative
🤬🤬,negative
so 😤,negative
😕😕,negative
so 😥😥,negative
so 🙁🙁,negative
feeling 😧,negative
🤢🤢,negative
so 🤬🤬🤬,negative
feeling 😕😕,negative
so 😕😕,negative
feeling 😓😓,negative
😓,negative
feeling 🤮,negative
so 😕😕,negative
feeling 🙄,negative
feeling 💀💀💀,negative
so 😒😒,negative
feeling 😦,negative
🙄🙄🙄,negative
💔💔💔,negative
feeling 😒😒😒,negative
so 😢😢😢,negative
so 💀,negative
😡😡,negative
so 😤😤,negative
feeling 😓,negative
feeling ☹,negative
💀,negative
so 🤮🤮,negative
😩😩😩,negative
feeling 😓,negative
feeling 👎👎,negative
feeling 😨😨😨,negative
so 😓😓,negative
😟😟,negative
so 😩😩😩,negative
🙁,negative
😦,negative
feeling 🤬🤬🤬,negative
feeling 🤮,negative
feeling 🤢,negative
😦😦,negative
so ️️️,negative
feeling 😔,negative
feeling 😢😢😢,negative
so 😧😧,negative
😡😡,negative
so 😞😞😞,negative
so 😥😥,negative
😞,negative
😡😡,negative
so 😓,negative
so 😨😨😨,negative
so 😖,negative
😧😧,negative
feeling 😟,negative
so ☹☹☹,negative
so 😔😔😔,negative
🙄🙄🙄,negative
😣,negative
so 😟😟,negative
feeling 🤬🤬🤬,negative
😒😒,negative
feeling 😨😨,negative
😒,negative
😭😭,negative
so 😕,negative
😠😠,negative
feeling 😡😡,negative
️️,negative
so 😣😣😣,negative
🙁,negative
😰😰😰,negative
feeling 😨😨,negative
so 💔,negative
💀💀,negative
so 😢😢😢,negative
😭,negative
feeling ️️,negative
feeling 👎👎👎,negative
feeling ☹,negative
feeling 😫,negative
so 😟😟,negative
so 😓,negative
feeling 🤢🤢🤢,negative
so 😢😢😢,negative
feeling 😠😠😠,negative
☹☹,negative
feeling ☹☹,negative
so 💀💀💀,negative
feeling 🤮🤮🤮,negative
😡😡😡,negative
so 👎👎👎,negative
feeling 🙄🙄,negative
😥😥😥,negative
😓😓😓,negative
feeling 😣😣,negative
feeling 😥,negative
so 😟😟,negative
feeling 🙄🙄,negative
so 😤😤😤,negative
so 🙄,negative
😨,negative
😔😔😔,negative
so ☹,negative
👎👎,negative
😟,negative
feeling 🤢🤢🤢,negative
feeling 😖😖😖,negative
😓,negative
feeling 😔😔,negative
feeling 😒😒😒,negative
so 😟,negative
feeling 😢😢😢,negative
so 😢😢,negative
so 😰😰,negative
so 😩😩,negative
😟😟,negative
so 🤮🤮🤮,negative
feeling 😢,negative
feeling 😠😠,negative
💀💀💀,negative
feeling 🤬,negative
so 🤬🤬🤬,negative
so 🤢🤢🤢,negative
so 😧😧😧,negative
💀💀💀,negative
😥😥,negative
so 😣,negative
feeling 💀💀💀,negative
so 😞😞😞,negative
feeling 😣😣😣,negative
so 🙄,negative
feeling 🤬,negative
😞,negative
feeling 💔,negative
feeling 🙄🙄,negative
🙁,negative
feeling 😣😣😣,negative
feeling 😓😓😓,negative
so 🙄,negative
feeling 🙁,negative
️,negative
feeling 😭,negative
feeling 😠😠😠,negative
feeling 😨,negative
feeling 😒,negative
feeling 👎👎,negative
😤,negative
feeling 😫,negative
feeling 😩,negative
so 😥,negative
so 🤢,negative
feeling 😓😓,negative
so 😔😔,negative
feeling 😭,negative
feeling ☹☹,negative
feeling 😔😔,negative
so 😧,negative
feeling 😨😨,negative
feeling 👎,negative
💔💔💔,negative
️️,negative
feeling 😠😠,negative
😧😧😧,negative
so 😖😖😖,negative
so 😧😧,negative
so 😨😨,negative
so 😖😖,negative
feeling ️️️,negative
😞,negative
feeling 💀,negative
so 🙄🙄,negative
feeling 😰😰😰,negative
so 😣😣😣,negative
so ️,negative
feeling 🤮🤮,negative
so 😨😨😨,negative
👎👎👎,negative
😢😢😢,negative
feeling 😣😣😣,negative
🙁,negative
feeling 😨😨😨,negative
😠,negative
feeling 😔,negative
feeling 😨😨😨,negative
feeling 😠😠😠,negative
😞😞😞,negative
feeling 😣,negative
😰😰,negative
so 🤬,negative
feeling 🤢,negative
😫😫,negative
🤢🤢🤢,negative
😔😔,negative
feeling 😥😥😥,negative
feeling 🙁🙁🙁,negative
so 😤😤,negative
😫,negative
so 😩😩,negative
️️️,negative
feeling ☹☹,negative
feeling 😤,negative
😤😤😤,negative
feeling 😰😰,negative
so 😩😩,negative
so 😔😔,negative
☹☹,negative
feeling 😣😣😣,negative
😰,negative
🤬🤬,negative
feeling 😦,negative
️️️,negative
so 😨😨😨,negative
so 😟,negative
😢😢😢,negative
feeling 😢,negative
feeling 😒😒😒,negative
😟,negative
🤢🤢🤢,negative
😧😧😧,negative
😰😰😰,negative
feeling 😒😒😒,negative
feeling 😓,negative
feeling 🤢,negative
so 🙁,negative
so 💔,negative
🤬,negative
feeling 😕😕😕,negative
so 😢,negative
so 🤢🤢🤢,negative
🤬,negative
️️,negative
🙄🙄,negative
️️,negative
feeling 😟😟,negative
😞😞😞,negative
feeling 😨,negative
so 👎,negative
😠,negative
so 😠😠😠,negative
feeling 😢😢😢,negative
feeling 😭,negative
feeling 😣,negative
feeling 😧😧,negative
😔,negative
feeling 💔💔💔,negative
😓😓,negative
so 😡,negative
feeling 💔,negative
so 😒😒😒,negative
😕,negative
feeling 😤,negative
😟,negative
feeling ☹☹,negative
☹☹,negative
☹☹,negative
💔💔💔,negative
so 😓,negative
so 😢😢😢,negative
feeling 😭😭😭,negative
feeling 😩😩😩,negative
so 😞,negative
feeling 😟😟,negative
🤢🤢🤢,negative
😰😰😰,negative
so 😔😔😔,negative
feeling ☹☹☹,negative
so 😦,negative
so 😦😦,negative
so 🙁,negative
feeling 😫,negative
feeling 😫😫,negative
so 😨😨😨,negative
😕😕,negative
so 😨,negative
so 😖,negative
👎,negative
😠😠,negative
feeling 😞😞,negative
👎👎,negative
feeling 😒,negative
so 🤢,negative
😣,negative
feeling 🤬🤬🤬,negative
feeling 💀,negative
️️,negative
feeling 😔😔😔,negative
so 😭😭😭,negative
feeling 🤬🤬,negative
😦😦,negative
😤😤😤,negative
😕,negative
so ️,negative
so 😠😠😠,negative
feeling 😔😔,negative
so 😧😧,negative
😖😖😖,negative
😫😫😫,negative
💔,negative
feeling 😥,negative
so 🤢🤢,negative
so 🤮🤮🤮,negative
so 😞,negative
️,negative
feeling 😩😩,negative
so 😔,negative
feeling 💀,negative
😫,negative
so 😥😥,negative
so 😨,negative
😨😨,negative
😟😟😟,negative
so 😧,negative
🤮🤮,negative
so 😦😦,negative
😕😕😕,negative
😩😩😩,negative
feeling 😒😒,negative
😢😢😢,negative
feeling 🙄🙄,negative
feeling 💀💀💀,negative
🙄🙄🙄,negative
feeling 🤢🤢,negative
so 😦😦,negative
😔😔,negative
feeling 😩😩,negative
feeling ☹☹☹,negative
so 😔,negative
feeling ️️,negative
so 😦,negative
😓,negative
so 😔😔,negative
so 🤬🤬🤬,negative
🙁🙁,negative
so ️,negative
💀💀,negative
feeling 🙄🙄🙄,negative
so 😫,negative
so 😫😫😫,negative
😓😓😓,negative
so 😥,negative
😨,negative
feeling 😠😠😠,negative
so 😖😖,negative
feeling 😥😥😥,negative
so 😫,negative
😤😤,negative
so 👎👎,negative
so 😔😔,negative
so 💔💔,negative
so 😞😞,negative
so 🤮🤮🤮,negative
😫😫,negative
feeling 😓😓😓,negative
feeling 😞😞,negative
feeling 🤢🤢🤢,negative
feeling ☹,negative
😤,negative
feeling 😩,negative
feeling 😕,negative
so 😦,negative
so 💀💀,negative
feeling 😢,negative
🙁,negative
so 😦😦,negative
😦😦,negative
so 😰,negative
so 🤮🤮🤮,negative
so 😔😔,negative
feeling 😩😩😩,negative
so 😔😔😔,negative
😢😢😢,negative
so 😞😞,negative
feeling ️️,negative
😤😤,negative
so 😢😢,negative
so 😨😨😨,negative
so 😦😦,negative
🤬🤬🤬,negative
🙄🙄🙄,negative
feeling ☹☹,negative
feeling ️️,negative
feeling ☹☹☹,negative
👎👎,negative
feeling 💀,negative
feeling 🤮🤮🤮,negative
😦😦😦,negative
so 😭,negative
feeling 😕😕😕,negative
feeling 😓,negative
so ☹,negative
so 😧😧😧,negative
😦,negative
feeling 🙄,negative
feeling 😔,negative
feeling 😠😠,negative
☹,negative
🤮🤮,negative
so ☹☹☹,negative
😖😖,negative
feeling 🤮🤮,negative
🙁,negative
feeling 💔💔💔,negative
so ☹,negative
😨😨😨,negative
🙄🙄🙄,negative
so 😓😓,negative
so 😣😣,negative
so 😢😢😢,negative
😩,negative
☹,negative
feeling 😕😕😕,negative
💀,negative
feeling 😒,negative
🙄,negative
😣😣😣,negative
😭😭,negative
so 🙁,negative
so 🤮,negative
feeling 😕😕,negative
so 😩😩😩,negative
🤢,negative
👎👎👎,negative
feeling 😫😫😫,negative
😔😔😔,negative
feeling 😔😔😔,negative
so 😖😖😖,negative
feeling 😖😖,negative
so 😖,negative
😰😰,negative
👎👎,negative
feeling 😓😓,negative
so 🤮🤮,negative
so 😕,negative
feeling 🤮🤮🤮,negative
🙁🙁🙁,negative
😣😣,negative
so 😨😨,negative
so 😨😨,negative
so 😥😥😥,negative
feeling 😣😣😣,negative
feeling ☹☹,negative
😨😨😨,negative
feeling 😟😟,negative
so 😢😢😢,negative
😣😣,negative
️️,negative
😖😖😖,negative
so 😞😞,negative
feeling 😤😤😤,negative
feeling 🤢,negative
feeling 👎👎,negative
so 😩😩,negative
😔,negative
so 😨,negative
feeling 🤢,negative
feeling 😤😤,negative
😞😞😞,negative
😔😔,negative
💔💔,negative
so 😩😩😩,negative
feeling 💀💀,negative
so 😣,negative
feeling 🤢🤢🤢,negative
feeling 😞😞,negative
😟😟😟,negative
so 🤬🤬,negative
😡,negative
so 😧😧😧,negative
so 😠,negative
so 😔😔😔,negative
😫😫😫,negative
😡😡😡,negative
so 😣,negative
😩😩,negative
so 😥,negative
so 😔,negative
😠😠,negative
feeling ☹,negative
feeling 🤢,negative
feeling ️️,negative
feeling 😧,negative
so 😢,negative
feeling 👎,negative
so 😣😣,negative
😤😤😤,negative
feeling 🙄🙄🙄,negative
😨😨😨,negative
feeling 😡😡😡,negative
👎,negative
feeling 😟😟😟,negative
😢,negative
feeling 😰😰,negative
feeling 😡😡😡,negative
😰😰😰,negative
feeling 😰😰😰,negative
😔😔,negative
😰😰😰,negative
😔😔😔,negative
😖😖😖,negative
so 😧😧😧,negative
feeling 😤,negative
feeling 😫😫😫,negative
so 😖😖,negative
feeling 😡,negative
feeling 😫,negative
feeling 😖,negative
so 😕😕😕,negative
feeling 😣😣,negative
so 😖,negative
feeling 😥,negative
️️,negative
feeling 😨😨😨,negative
so 💔💔💔,negative
😞,negative
feeling 😣,negative
so 😒😒😒,negative
😓😓,negative
😧😧,negative
so 😡😡😡,negative
feeling 🤮🤮,negative
so 💔💔💔,negative
😕😕,negative
so 🤮🤮🤮,negative
😰,negative
feeling 😣,negative
so 😢😢😢,negative
so 😦😦😦,negative
🤬🤬🤬,negative
so 😰😰😰,negative
so 🙁,negative
so 😧😧😧,negative
so ☹☹,negative
🤮🤮🤮,negative
feeling 😓😓😓,negative
so 😢😢,negative
feeling 🤢🤢,negative
so 😩,negative
so 😥,negative
😧,negative
😞😞😞,negative
so 😣😣,negative
so 😭,negative
😣😣,negative
so 👎👎👎,negative
feeling 😡😡,negative
so 😥,negative
🙁🙁🙁,negative
so 😩😩,negative
feeling 😩😩😩,negative
so 🙁🙁,negative
so 😔😔,negative
so 😰,negative
so 😢😢😢,negative
🤢🤢🤢,negative
so 😧,negative
so 😣😣,negative
feeling 😒😒,negative
😥😥,negative
so 😓😓,negative
😰😰,negative
so ☹,negative
feeling 👎,negative
😭😭😭,negative
so 😓😓😓,negative
feeling 😒,negative
so 😓😓,negative
👎,negative
so 😓😓,negative
😕😕😕,negative
so 💀💀,negative
feeling 👎👎,negative
😔😔,negative
💀💀,negative
feeling 😟,negative
feeling 😔,negative
so 🙁🙁,negative
so 💀,negative
😫😫,negative
so 😢,negative
feeling 😢,negative
😒,negative
😠😠,negative
feeling 🙁🙁,negative
feeling 👎,negative
feeling 😟😟,negative
so 😓😓😓,negative
so 🙄🙄🙄,negative
😧,negative
feeling 😔,negative
🙄,negative
feeling 😣,negative
so 😧😧😧,negative
so 😔😔😔,negative
so 😨😨,negative
so 😨😨😨,negative
feeling 🤢🤢,negative
😥,negative
feeling 🤬🤬🤬,negative
so 😟😟,negative
😧😧,negative
😣,negative
🤮🤮🤮,negative
so 😔,negative
feeling 😭😭😭,negative
so 😖😖😖,negative
😭,negative
feeling 💀,negative
so 😢😢😢,negative
feeling 😒😒,negative
😥😥,negative
feeling 😩😩😩,negative
🤢🤢,negative
so 🙄🙄,negative
feeling 😫😫😫,negative
so 😭😭😭,negative
feeling 🤬🤬🤬,negative
so 🤬🤬🤬,negative
so 😣😣😣,negative
️,negative
so 💔,negative
😖,negative
feeling 👎👎,negative
feeling 🤮🤮🤮,negative
feeling 😖😖,negative
feeling 😣😣😣,negative
so 😕,negative
so 😫😫😫,negative
so 😔😔😔,negative
so 😡😡,negative
feeling 😤😤,negative
feeling 😫,negative
so 😭😭,negative
so 😧😧,negative
feeling 🙁,negative
😡😡😡,negative
so ️️,negative
feeling 😩😩😩,negative
🙄,negative
feeling 😓,negative
feeling 😠😠,negative
so 😞,negative
🤢,negative
so 😫,negative
feeling 🙄,negative
so 😩😩,negative
feeling 😠😠😠,negative
😒😒😒,negative
🤮🤮🤮,negative
feeling 🤢🤢,negative
so 😓,negative
feeling 😕😕😕,negative
feeling 😣😣😣,negative
😓😓😓,negative
so 😒😒😒,negative
feeling 😖😖,negative
feeling 😧😧,negative
feeling 😣,negative
so 👎👎,negative
😧,negative
so 🤬,negative
😥😥,negative
feeling 😖😖,negative
️,negative
feeling 🤮🤮🤮,negative
so 😩😩,negative
feeling 😣😣😣,negative
feeling 😫😫😫,negative
😨,negative
feeling 🤬🤬🤬,negative
feeling 😥😥😥,negative
🙄🙄,negative
😫😫😫,negative
feeling 🤮,negative
feeling 😟😟,negative
😧😧,negative
so 😫,negative
feeling 😣,negative
😭😭,negative
so 😔😔😔,negative
feeling 😕😕,negative
so 😧,negative
so 😠😠,negative
so 🙄🙄🙄,negative
so 😟,negative
😔😔😔,negative
so ️,negative
so 🤢🤢,negative
😓😓😓,negative
feeling 😕😕,negative
feeling 😠,negative
feeling 😣,negative
feeling 😰😰,negative
😭,negative
so 😟,negative
feeling 😣,negative
so ☹,negative
feeling 😖,negative
so 🤢🤢,negative
feeling 😟,negative
️️️,negative
so 🤬🤬,negative
feeling 😧,negative
😟😟😟,negative
feeling 😒,negative
so 💔💔,negative
😠,negative
💔💔💔,negative
😥😥😥,negative
💔,negative
🙄🙄🙄,negative
😡😡,negative
😒😒😒,negative
so 😰😰,negative
feeling ☹,negative
so 😭😭😭,negative
😡😡,negative
feeling 😰,negative
so 😤😤😤,negative
feeling 😤😤,negative
feeling 😣,negative
feeling 😡😡,negative
😡😡😡,negative
feeling 😩,negative
😩😩😩,negative
feeling ☹,negative
so 😠😠,negative
🤬,negative
feeling 😔😔😔,negative
😞,negative
feeling 😫,negative
feeling 😔😔😔,negative
so 🤮🤮🤮,negative
so 😓,negative
😰😰,negative
so 🙁,negative
😒,negative
😟😟,negative
😤😤😤,negative
feeling 😧😧,negative
😔😔,negative
so 👎👎,negative
feeling 😰😰😰,negative
💔💔💔,negative
so 😟😟😟,negative
😔,negative
😢😢😢,negative
feeling 🤢🤢,negative
so 👎👎,negative
so ☹☹☹,negative
feeling 👎👎,negative
😨😨😨,negative
😫😫,negative
feeling 😕😕😕,negative
so 😤,negative
😔,negative
so 🙁,negative
🤢,negative
so 😫,negative
so 😤😤,negative
feeling 😭😭😭,negative
so 💔,negative
feeling 😥😥,negative
😫😫,negative
feeling 😡,negative
feeling 😥😥,negative
😫😫😫,negative
😢,negative
feeling 😰,negative
so ☹,negative
feeling 😞😞,negative
so 😖😖😖,negative
so 😕😕😕,negative
feeling 💀💀,negative
feeling 👎,negative
feeling 💀💀,negative
feeling 😣😣,negative
so 😩,negative
☹☹☹,negative
😞😞,negative
feeling 🙁🙁,negative
feeling 👎👎,negative
️,negative
😫,negative
so 😢,negative
so 😫😫😫,negative
feeling 😔😔,negative
feeling 😤😤,negative
😫😫😫,negative
💔,negative
feeling 😕,negative
😡😡😡,negative
so 😧😧,negative
😓😓,negative
so 😣😣,negative
👎👎,negative
so 😰😰,negative
feeling 😭,negative
so 😫😫😫,negative
so 😫,negative
feeling 😕😕,negative
so 😖,negative
😔,negative
feeling 😫😫😫,negative
😦😦😦,negative
🤢,negative
so 😢😢😢,negative
so 😨,negative
😥😥,negative
😒😒,negative
feeling 🙄🙄,negative
feeling 😧,negative
feeling 💀,negative
😕😕😕,negative
feeling 😢😢😢,negative
so 🤢,negative
feeling 😔,negative
so 😦😦😦,negative
feeling 😩😩,negative
feeling 😠,negative
🤢🤢,negative
👎👎👎,negative
😰,negative
feeling 😦😦,negative
so ☹☹☹,negative
so 😤,negative
😕,negative
😢,negative
😡,negative
️,negative
feeling 😢😢😢,negative
feeling 😧,negative
feeling 🤮🤮🤮,negative
so 🤮🤮,negative
so 😥,negative
feeling 😡😡😡,negative
so 😕,negative
feeling 😞😞,negative
so 🙁🙁,negative
so 😖😖,negative
feeling 😭😭😭,negative
so 😡😡,negative
feeling 😩😩,negative
so 😢😢,negative
so 😓,negative
😫😫,negative
😧,negative
😫😫😫,negative
so 😩,negative
so 😕😕,negative
feeling 😖😖😖,negative
feeling 😫😫😫,negative
so 😩,negative
so ️️️,negative
feeling 😠😠,negative
feeling 💀💀,negative
feeling 👎👎👎,negative
🙄,negative
🙁,negative
feeling 😤,negative
💀💀,negative
😡😡😡,negative
😤😤😤,negative
feeling 😤,negative
feeling 💔💔,negative
feeling 😔😔,negative
so 😕😕,negative
so 🤮🤮🤮,negative
so 😭😭,negative
feeling 🤮🤮,negative
🤢🤢,negative
feeling ☹☹,negative
😩,negative
so 😨😨,negative
so 😞😞,negative
so 😫,negative
feeling 😰,negative
😫😫,negative
feeling ️️️,negative
😤😤😤,negative
🙁🙁,negative
so 🙄🙄🙄,negative
feeling 😕😕😕,negative
so 😠😠😠,negative
so 💔💔💔,negative
😩😩😩,negative
so 😓😓😓,negative
feeling 😔,negative
😩😩,negative
😔😔,negative
🤮🤮🤮,negative
️️️,negative
😫😫😫,negative
😭😭,negative
feeling 😖,negative
💔💔💔,negative
feeling 😩😩,negative
😩😩,negative
feeling 😖😖😖,negative
😩,negative
😣,negative
so 😖,negative
😦😦😦,negative
so 👎👎👎,negative
feeling 😔,negative
😧😧,negative
😓,negative
feeling 🤢🤢🤢,negative
feeling 😟😟,negative
feeling 😔,negative
feeling 😕,negative
😣😣😣,negative
😞😞😞,negative
feeling 😓,negative
feeling 💀💀💀,negative
😫😫😫,negative
😰😰,negative
feeling 😟😟,negative
😩😩😩,negative
feeling 😠😠😠,negative
so 😤,negative
feeling 😠,negative
so 😓😓😓,negative
🤢🤢🤢,negative
so 😓😓,negative
so ️️️,negative
😟,negative
feeling 😨,negative
feeling 😣,negative
😖😖,negative
feeling 🤬,negative
so 🤬,negative
feeling 👎👎,negative
😧😧😧,negative
feeling 😠😠,negative
feeling 😧😧,negative
so 😡😡,negative
feeling 😠😠😠,negative
so 😟😟😟,negative
😔,negative
feeling 😒,negative
so 😥😥,negative
feeling 😡😡,negative
feeling 🙄,negative
so 💔,negative
💀💀,negative
feeling 😞😞😞,negative
feeling 😢😢,negative
feeling ️,negative
feeling 🤢,negative
feeling 💔,negative
😥😥,negative
so 👎👎,negative
😨😨😨,negative
🤮🤮🤮,negative
🤮🤮,negative
so 💀💀💀,negative
feeling ☹☹☹,negative
😓,negative
🙄,negative
so 🤬,negative
😭😭😭,negative
😥😥,negative
feeling 😓😓😓,negative
so ️️,negative
feeling 👎,negative
so ☹☹☹,negative
feeling 😩😩😩,negative
😖😖,negative
so 😩😩,negative
so 😔,negative
feeling 🤮🤮🤮,negative
😖😖,negative
😔😔😔,negative
☹☹☹,negative
feeling 😖😖😖,negative
feeling 👎,negative
☹☹☹,negative
feeling 😕😕,negative
so 🙁🙁,negative
feeling 🙁🙁,negative
so 😰😰,negative
so ️️,negative
feeling 😖😖,negative
so 😫😫,negative
🙄🙄🙄,negative
so 👎👎,negative
feeling 😦😦😦,negative
feeling 😦,negative
😠😠😠,negative
so 😥😥,negative
so 😣😣😣,negative
😕😕😕,negative
😰,negative
👎👎,negative
so 🙁,negative
feeling 💔💔,negative
😰😰😰,negative
😧,negative
so 😢😢😢,negative
🙄🙄🙄,negative
so 😤,negative
feeling 💔💔💔,negative
feeling 🙄🙄,negative
😞😞😞,negative
so 🙁🙁,negative
😠😠,negative
so 😢😢,negative
🙁,negative
so 😫😫,negative
😭😭😭,negative
😧😧😧,negative
😖,negative
feeling 😦,negative
so 😔😔😔,negative
so 😓,negative
😕😕,negative
️️️,negative
feeling 😟😟,negative
feeling 😧😧,negative
so 🤮🤮🤮,negative
🤢🤢🤢,negative
so 😨😨,negative
so 😨,negative
so 💀💀💀,negative
👎,negative
so 😫,negative
😤,negative
feeling 😣,negative
😭,negative
so 😕😕😕,negative
😧😧,negative
feeling 🤬,negative
so 😟😟,negative
😧😧😧,negative
😓😓,negative
feeling 💔💔,negative
🤮🤮,negative
️️️,negative
😥,negative
😕😕,negative
feeling 😔😔😔,negative
feeling 😠😠,negative
feeling 💔,negative
so 😭😭,negative
feeling 👎,negative
so 😦,negative
feeling 🤬🤬🤬,negative
so 😣,negative
feeling 😣😣😣,negative
so 🤢🤢,negative
😒,negative
so ☹☹☹,negative
so 😨😨😨,negative
feeling 🤢,negative
feeling 🤢🤢🤢,negative
🙁🙁🙁,negative
💀💀💀,negative
so 🤬,negative
so 😨😨,negative
🤢,negative
😢😢,negative
😥😥😥,negative
😞,negative
so 😔😔😔,negative
🤬,negative
feeling 😣😣😣,negative
so 🙁,negative
feeling 😧😧😧,negative
feeling 😫,negative
so 😓,negative
feeling 😭,negative
so 😰,negative
feeling ☹,negative
so 🤢🤢,negative
so 😒😒,negative
so 😩,negative
so 😠😠,negative
🤬,negative
feeling 😞😞,negative
feeling 😕😕😕,negative
😫😫,negative
so 😣,negative
👎👎,negative
🤮🤮🤮,negative
feeling 🤬🤬🤬,negative
feeling 😒,negative
😨😨😨,negative
so 😕😕,negative
feeling 😭😭😭,negative
👎,negative
feeling 😔😔,negative
feeling ️️️,negative
😢😢,negative
😧😧😧,negative
😔,negative
so 😥,negative
so ☹☹,negative
feeling 🤬🤬,negative
😥,negative
so 😒,negative
feeling 😔😔,negative
😩😩,negative
☹☹,negative
😦😦,negative
💔💔,negative
😤,negative
😫,negative
😕,negative
feeling 🙄🙄,negative
😫,negative
feeling 😥😥,negative
feeling 😦😦😦,negative
so 😫😫😫,negative
💔💔,negative
😤😤,negative
feeling 🙄,negative
😣😣😣,negative
so 😕😕😕,negative
so 🤬,negative
💀,negative
😒😒😒,negative
feeling 😤😤,negative
feeling 😡😡😡,negative
feeling 😫😫😫,negative
feeling ️️,negative
so ☹☹☹,negative
feeling 😰,negative
feeling 🙁,negative
😓😓😓,negative
so 😠,negative
so 😥😥😥,negative
feeling 😣😣,negative
feeling 😔😔😔,negative
so 😠😠,negative
🤬,negative
so 👎,negative
😤,negative
feeling 🤬🤬,negative
🙁🙁,negative
😤😤,negative
feeling 🤮🤮🤮,negative
feeling 💀💀💀,negative
😕😕😕,negative
so ️️,negative
so 😡😡😡,negative
😫😫😫,negative
feeling 😧😧,negative
😒,negative
feeling 😧,negative
so 😭😭😭,negative
feeling 😣😣😣,negative
☹☹,negative
😫😫,negative
feeling 🙁,negative
so 😕😕😕,negative
so 😖😖,negative
so 😦😦,negative
feeling 😖,negative
😤,negative
so ️️,negative
😤😤,negative
so 😣,negative
feeling 😭😭😭,negative
feeling 😡😡😡,negative
feeling 😖😖,negative
so 👎👎,negative
so ☹,negative
feeling 😧😧😧,negative
so 😩,negative
feeling 🤢🤢,negative
so 💔💔💔,negative
☹,negative
so 😢,negative
so 🙄🙄🙄,negative
🤮,negative
so 😧,negative
so 🙄,negative
feeling ☹☹,negative
feeling 😡😡😡,negative
😥😥😥,negative
feeling ☹☹,negative
feeling 😩😩,negative
so 😟,negative
so 👎👎,negative
🤬🤬,negative
so 😠😠😠,negative
😨,negative
🙁🙁🙁,negative
😨😨😨,negative
feeling 😦😦,negative
😕😕😕,negative
so 🤬🤬,negative
😟😟😟,negative
😰😰😰,negative
feeling 🙁,negative
🙄🙄,negative
feeling 🤢🤢,negative
😟😟😟,negative
😨😨,negative
feeling 😥😥😥,negative
so 😔😔,negative
feeling 😓,negative
feeling 😣😣😣,negative
feeling 😔😔,negative
feeling 😢😢😢,negative
so 😭,negative
😩😩😩,negative
feeling 😟😟😟,negative
feeling 😥😥,negative
feeling 😭😭,negative
feeling 😣😣😣,negative
feeling 🤢🤢🤢,negative
😖,negative
feeling 🤮🤮,negative
so 😢😢,negative
so 😟😟😟,negative
😔,negative
so 🤮🤮🤮,negative
so 👎👎,negative
😖,negative
🙁,negative
so 😒😒,negative
so 😖😖😖,negative
so 😭,negative
feeling 💔,negative
feeling 😡,negative
😧,negative
😞,negative
so 😧😧😧,negative
😩😩,negative
feeling 🤢🤢,negative
feeling 😠😠,negative
so 😣😣😣,negative
so 😫,negative
👎👎,negative
so 😡😡😡,negative
😦😦😦,negative
feeling 💔💔💔,negative
😣😣,negative
😦😦,negative
so 👎👎,negative
😞😞😞,negative
so 🙄🙄🙄,negative
feeling 😭😭,negative
feeling 😞😞😞,negative
😨😨😨,negative
so 😥😥😥,negative
so 😧😧😧,negative
😩😩😩,negative
😧😧😧,negative
so 🙁🙁🙁,negative
so 😢😢😢,negative
so 😟😟,negative
so 😠,negative
😠😠,negative
😣😣,negative
☹☹,negative
feeling 😓😓,negative
💀💀,negative
so 😭😭😭,negative
so 😒😒,negative
😨,negative
feeling 😔😔😔,negative
so 😫😫😫,negative
😧😧,negative
feeling 😠😠😠,negative
feeling 😤,negative
so 😠,negative
so 😟😟😟,negative
so 😣,negative
so 🤬🤬🤬,negative
feeling 😠😠😠,negative
😕,negative
feeling 😞😞😞,negative
so 😰,negative
so 🙁,negative
😞😞😞,negative
😭😭,negative
🙄,negative
feeling 😕😕😕,negative
😭,negative
feeling 😭😭😭,negative
😠😠,negative
😓😓😓,negative
so 🤮,negative
😤😤😤,negative
😨😨😨,negative
so 😖,negative
so 😓😓,negative
feeling 😕😕,negative
so 😨😨,negative
😡,negative
🤮🤮🤮,negative
😟😟,negative
😭,negative
so 😩,negative
feeling 😞😞😞,negative
feeling 😟,negative
feeling 😟,negative
😩,negative
💔💔,negative
so 👎,negative
so 😰,negative
🙄,negative
so ☹,negative
so 😠,negative
feeling 😥,negative
so 😣😣😣,negative
so 😓😓,negative
feeling 😦😦,negative
😖😖,negative
😕😕😕,negative
feeling 😩😩,negative
😢😢,negative
so 🤮🤮,negative
😠😠,negative
so 🤬🤬,negative
so 😧😧,negative
🤬🤬,negative
so 😨,negative
feeling 😖,negative
so 😡😡,negative
so 😢,negative
feeling 😒😒,negative
😡,negative
so 😫😫😫,negative
️,negative
feeling 😫,negative
️️,negative
feeling 😨😨,negative
feeling 💔💔💔,negative
so 😢😢,negative
😢😢😢,negative
😥,negative
😫😫😫,negative
😟😟,negative
feeling 😩,negative
😟😟,negative
so 😒😒,negative
feeling 😰😰😰,negative
😫😫😫,negative
so 😔,negative
feeling 😭,negative
so 😓,negative
feeling 😰😰😰,negative
so 😞😞,negative
💀💀💀,negative
so 😠😠,negative
so 👎,negative
😥😥😥,negative
🙁,negative
feeling 🤬,negative
😒,negative
😡,negative
feeling 😭😭,negative
feeling 😦😦😦,negative
feeling 😤😤,negative
feeling 😩,negative
so 😨😨😨,negative
so 😠😠,negative
so 😤,negative
feeling 😭,negative
😕😕😕,negative
so 😢😢,negative
so 😓😓,negative
so 😢😢,negative
feeling 🤢🤢,negative
so 😢,negative
so ☹☹,negative
so ☹☹,negative
feeling 🤢🤢,negative
😭😭,negative
feeling 😓,negative
😖😖😖,negative
so 😖😖,negative
so 😨,negative
feeling 😓,negative
😖😖😖,negative
feeling 💔,negative
😡😡😡,negative
so 😨😨,negative
so 😥😥,negative
so 😤😤😤,negative
feeling 👎👎👎,negative
feeling 😨,negative
feeling 😩😩😩,negative
so 😓😓,negative
🙁🙁🙁,negative
so 😭😭,negative
feeling 😒😒,negative
so 👎👎👎,negative
feeling ☹☹,negative
feeling 😒😒😒,negative
so 😣😣,negative
😣😣😣,negative
😞😞,negative
so 😰😰,negative
feeling 😩😩,negative
so 😨😨,negative
feeling 🙄🙄🙄,negative
feeling 😢,negative
😣😣,negative
😓😓😓,negative
so 🤬🤬🤬,negative
feeling 😣😣😣,negative
💀,negative
so 😧😧,negative
feeling 💀💀💀,negative
😦😦😦,negative
😭😭😭,negative
😟😟,negative
😤,negative
so 😔😔,negative
so 💔💔💔,negative
so 🤬🤬🤬,negative
feeling 😤😤😤,negative
feeling 😠😠,negative
so 😡😡,negative
feeling 👎👎,negative
feeling 😭😭😭,negative
feeling 😩😩,negative
so 🤮,negative
so 😓😓😓,negative
💀💀,negative
so 😔,negative
so 😤,negative
so 😭😭😭,negative
😫😫,negative
😟,negative
feeling 😕😕😕,negative
feeling 😫😫😫,negative
feeling 👎👎👎,negative
so 🤮,negative
feeling 😖,negative
so 😟,negative
so 🙁🙁,negative
so 💔💔💔,negative
so 😰😰😰,negative
🙄🙄,negative
so 😦,negative
feeling 😠,negative
😔😔😔,negative
😦😦,negative
feeling 😭😭😭,negative
😧😧😧,negative
feeling 😡,negative
feeling 😭😭😭,negative
😫,negative
😕,negative
😣,negative
feeling 🙁,negative
feeling 😨,negative
feeling 🤢,negative
so 😕😕,negative
so ☹☹,negative
so 😭😭,negative
😩,negative
💔💔,negative
so 😧😧😧,negative
feeling 😡😡,negative
so 😓,negative
feeling 😕😕,negative
😣😣😣,negative
😤,negative
😢😢😢,negative
😰,negative
feeling 😰😰😰,negative
😠😠,negative
feeling 😕😕,negative
🙁🙁,negative
feeling 😣😣,negative
so ☹☹,negative
😩,negative
😕😕😕,negative
so 💀,negative
😰😰,negative
😔😔😔,negative
so 😕😕,negative
feeling 😥,negative
so 💔💔,negative
so 💀💀💀,negative
so 💔,negative
feeling 😒😒,negative
feeling 😔😔😔,negative
feeling 😤,negative
feeling 😤,negative
feeling 😫,negative
😣,negative
feeling 😓,negative
so 💀💀,negative
feeling 🙁,negative
😖😖,negative
so 😧,negative
☹☹,negative
feeling 😡😡,negative
😕😕,negative
feeling 😨😨,negative
so 😨😨😨,negative
feeling 😰,negative
🤢🤢🤢,negative
😠😠,negative
🙁,negative
feeling 😭😭,negative
so 😰😰,negative
feeling 💔,negative
feeling 😡😡,negative
😖,negative
so 🤬🤬,negative
😰😰😰,negative
😭,negative
😥,negative
🤬,negative
so 😧,negative
so 🤬🤬🤬,negative
💀💀💀,negative
so 😓,negative
feeling 😥,negative
😒,negative
🙁🙁🙁,negative
😧😧😧,negative
feeling 💔💔,negative
so 🤬,negative
so 😦,negative
😣,negative
😰😰😰,negative
so 😢😢,negative
so 😒😒😒,negative
feeling 😤😤,negative
feeling 😫,negative
feeling 🤬🤬🤬,negative
😤,negative
😭😭,negative
feeling 😞😞😞,negative
😥,negative
feeling 💀💀💀,negative
🙁,negative
feeling 😤😤,negative
so 😡,negative
so 💀,negative
feeling 🤢🤢,negative
😓😓,negative
so 😥😥,negative
so 🤢🤢🤢,negative
😧,negative
feeling 😞😞,negative
😕😕,negative
so 👎,negative
😒😒,negative
so 😟😟,negative
feeling 😩😩😩,negative
☹,negative
so 😭😭,negative
so 😖,negative
so 🤬🤬🤬,negative
feeling 😩😩😩,negative
feeling ️️️,negative
😩😩,negative
feeling 🤬🤬🤬,negative
🤢🤢,negative
so 😤,negative
😟,negative
😣😣😣,negative
️️️,negative
feeling 😞,negative
so 😔😔😔,negative
so 😨,negative
feeling 😟,negative
😭😭,negative
feeling 😭😭,negative
so 😟😟,negative
😟,negative
feeling 😡😡😡,negative
so 😨😨,negative
feeling 😕😕😕,negative
😢😢,negative
so 🤢,negative
feeling 😭😭😭,negative
😟😟😟,negative
so 😓😓😓,negative
so 😢😢,negative
feeling 😰😰,negative
so 😩😩😩,negative
feeling 😦,negative
feeling 💔💔💔,negative
feeling 😡😡,negative
feeling 🙄🙄🙄,negative
😰😰,negative
so 💀,negative
so 😤😤😤,negative
so 🤢,negative
😤😤,negative
so 😞😞😞,negative
so 😒😒,negative
so 😢😢😢,negative
so ️️,negative
feeling 😭,negative
😥😥😥,negative
😒,negative
feeling 🤬,negative
so 😠😠,negative
feeling 🙁🙁🙁,negative
😞😞,negative
so 😔,negative
feeling 😦😦,negative
feeling 😥😥😥,negative
so 😠,negative
so 😖,negative
so 😨,negative
so 😣😣😣,negative
feeling 😦,negative
😓,negative
feeling 😩😩😩,negative
feeling 😤😤,negative
🙄🙄🙄,negative
💔💔,negative
so 🤢🤢🤢,negative
feeling 😧😧,negative
feeling 👎,negative
feeling 😖😖😖,negative
😩😩,negative
so 😡😡😡,negative
feeling 🤮🤮🤮,negative
so 😒😒,negative
feeling 🙁🙁,negative
😦,negative
feeling 😖😖,negative
😖,negative
😩,negative
️,negative
💀,negative
so 😔,negative
so 😰😰,negative
so 😭,negative
feeling 🤮🤮🤮,negative
feeling 👎👎👎,negative
so 😥😥,negative
😧,negative
feeling 😨😨😨,negative
feeling 😩,negative
😣😣,negative
feeling 🤬🤬🤬,negative
feeling 😩😩😩,negative
feeling 🤮,negative
feeling 😧😧,negative
feeling 😨😨😨,negative
feeling 😦,negative
so ☹,negative
feeling 😩,negative
💀,negative
so 😧😧,negative
so 😟,negative
so 😖😖😖,negative
feeling 😓,negative
feeling 😨,negative
😨😨😨,negative
so 💔💔💔,negative
🤮🤮,negative
🤮🤮🤮,negative
feeling 🤢🤢🤢,negative
so 😧😧,negative
😫😫,negative
so 😒,negative
so 😨😨,negative
so 😞,negative
😤😤,negative
so 😟,negative
feeling 🤢🤢🤢,negative
😦😦😦,negative
so 💀💀,negative
feeling 😦😦,negative
feeling ️️️,negative
so 😓😓,negative
feeling 😡😡,negative
feeling 🙄🙄🙄,negative
so 💔💔,negative
😧😧😧,negative
feeling 😓,negative
so 😟,negative
😫😫,negative
😕,negative
feeling 😭😭😭,negative
feeling 😕😕😕,negative
🤢🤢🤢,negative
feeling 😟😟,negative
so 😭😭,negative
feeling 💀💀💀,negative
😤😤,negative
🤬🤬🤬,negative
😦,negative
so 😣😣😣,negative
🤬,negative
so 😤😤,negative
feeling 😕😕,negative
so 🤮🤮🤮,negative
so 🙁,negative
feeling 💀,negative
💔💔💔,negative
so 😤😤,negative
👎👎,negative
💔💔💔,negative
feeling 😡😡😡,negative
🤬,negative
feeling 😔😔😔,negative
😥😥,negative
😢😢😢,negative
so 😧,negative
feeling 😨😨😨,negative
so 😟,negative
feeling 😨😨😨,negative
so 😫😫,negative
feeling 😒😒,negative
so 🤢,negative
so 😕😕,negative
feeling 😠😠,negative
so 😤,negative
feeling 🤢🤢,negative
feeling 🙄,negative
so 😓😓,negative
👎,negative
😩,negative
feeling 💔💔,negative
so 😔,negative
feeling 😭,negative
so 😟😟😟,negative
feeling 😠😠,negative
so 😦😦,negative
🤢,negative
so ️️️,negative
feeling 😕😕😕,negative
so 😟😟😟,negative
😢😢,negative
💔💔,negative
🤢🤢🤢,negative
so 😩😩,negative
feeling 😕,negative
so 😖😖😖,negative
so 🤢,negative
so 😩,negative
so 😢😢😢,negative
feeling 😭😭,negative
so 🤢🤢🤢,negative
feeling ️️,negative
😡😡😡,negative
so 😩,negative
so 😕,negative
😣,negative
feeling 😧,negative
feeling 😓,negative
feeling 😤,negative
so 😒,negative
so 💀,negative
feeling 😫😫,negative
feeling 😨😨😨,negative
👎👎,negative
feeling ️️️,negative
feeling 😦😦,negative
feeling 😣😣😣,negative
feeling 😭,negative
so 🤬🤬🤬,negative
feeling 😧😧,negative
feeling 😓😓😓,negative
so 😥,negative
😢,negative
😣,negative
feeling 😠,negative
feeling ️,negative
😰,negative
🙄🙄,negative
so 💀💀💀,negative
feeling 😥😥😥,negative
feeling 😞,negative
🤮🤮🤮,negative
so 🤢,negative
😭😭,negative
🙄🙄,negative
☹☹☹,negative
😟😟,negative
😔😔😔,negative
feeling 😥😥😥,negative
feeling 👎,negative
so 😤😤😤,negative
😰😰😰,negative
feeling 😒😒,negative
️️️,negative
☹☹,negative
so 🙁🙁🙁,negative
feeling 😡😡,negative
feeling 😓😓,negative
😰😰,negative
so 😓😓,negative
so 😔,negative
feeling 😤😤😤,negative
feeling 😨,negative
feeling 😡😡,negative
so ️,negative
feeling 😣,negative
😩,negative
so 👎👎👎,negative
😤😤😤,negative
so 😣😣😣,negative
so 🤬🤬,negative
feeling 😣,negative
so 😣😣,negative
feeling ️️️,negative
🤬🤬🤬,negative
feeling 😠,negative
😨😨,negative
so 😔,negative
so 😟,negative
feeling 😠,negative
😕😕😕,negative
feeling 😫😫😫,negative
so 😖,negative
😡😡,negative
feeling 🤢🤢🤢,negative
feeling 😣😣,negative
feeling 😰😰,negative
💀,negative
feeling 🤮,negative
feeling 😩😩,negative
feeling 🙄,negative
feeling 😖😖😖,negative
so 😤😤,negative
️,negative
😢,negative
feeling 🤬🤬,negative
so 👎👎👎,negative
so ️️,negative
so ️️️,negative
so 🙄🙄🙄,negative
so 😟😟,negative
feeling 😡,negative
so 🤮🤮,negative
so ️️,negative
😧😧,negative
feeling ️️️,negative
feeling 😧😧,negative
😥😥😥,negative
🤬,negative
feeling 🙁🙁,negative
so 😧😧,negative
so 🙁🙁🙁,negative
👎👎,negative
😭😭😭,negative
feeling 💔💔💔,negative
feeling 😕😕😕,negative
so 😭😭😭,negative
so 😠😠,negative
feeling ️️️,negative
😫,negative
feeling 🤬🤬,negative
so 😔😔😔,negative
feeling 🤮🤮,negative
so 😖😖😖,negative
😖😖😖,negative
so 😤😤,negative
feeling 😕😕😕,negative
feeling 😟,negative
feeling 🙁🙁,negative
so 😩,negative
so 💔💔💔,negative
feeling 😰😰😰,negative
feeling 😓😓😓,negative
😧😧😧,negative
😢,negative
feeling 🤮,negative
so 👎👎,negative
feeling 😣,negative
😖,negative
feeling 😨😨,negative
so 🤮,negative
😒😒😒,negative
🤬🤬,negative
💀,negative
️️,negative
🤬,negative
😡😡,negative
so 😤,negative
😫😫😫,negative
so 😞😞,negative
so 🤮🤮🤮,negative
feeling 😠,negative
feeling 😤😤,negative
so 🤢,negative
feeling ☹☹,negative
🤢🤢🤢,negative
🙁🙁,negative
so 😰😰,negative
😢😢,negative
so 😓😓,negative
🙄,negative
😤😤,negative
feeling 😡,negative
feeling 😕😕,negative
so 😰,negative
so 💀💀,negative
so 🙁🙁🙁,negative
feeling 👎👎,negative
so 😒,negative
